,prediction_test
0,1825.7689
1,1571.9043
2,2402.2537
3,2743.0425
4,5357.2017
5,2009.8077
6,621.40686
7,2660.3794
8,1460.1101
9,3322.7234
10,1988.3096
11,1273.655
12,554.1425
13,2043.729
14,856.0122
15,2634.1982
16,3268.688
17,2745.7048
18,3159.2432
19,1461.1245
20,2854.1833
21,4182.048
22,884.70734
23,264.83572
24,3259.8804
25,1959.4785
26,1034.8579
27,2723.492
28,4171.5283
29,2141.62
30,0.6023279
31,2935.3281
32,565.8084
33,5147.6943
34,2837.6794
35,4936.6924
36,2591.2087
37,558.8249
38,3312.1345
39,3058.0383
40,1923.73
41,561.9899
42,2930.3552
43,1975.2555
44,2019.4691
45,1712.5249
46,277.07367
47,3302.8933
48,4391.64
49,2059.3647
50,977.74744
51,1611.9019
52,3225.8433
53,2111.406
54,4616.8994
55,3295.3884
56,3080.4238
57,680.02985
58,786.97205
59,1434.9177
60,2703.926
61,3810.5378
62,3735.2932
63,1616.2134
64,2450.493
65,2841.8103
66,2872.45
67,4523.91
68,3011.4211
69,3675.7878
70,3113.0046
71,3128.8489
72,1622.8455
73,4202.234
74,4323.3135
75,2856.1125
76,173.98103
77,2436.0393
78,590.0018
79,2341.8247
80,2724.0745
81,1306.845
82,1634.3313
83,3230.832
84,3133.0693
85,2065.979
86,4006.781
87,3971.888
88,734.34106
89,2316.6873
90,2789.2375
91,5156.194
92,3113.742
93,1195.2053
94,1939.9244
95,933.1687
96,2421.941
97,2013.9404
98,3116.3135
99,1260.5886
100,2172.9238
101,1678.851
102,3025.3035
103,2157.2366
104,397.2739
105,5613.4717
106,639.3582
107,1025.3529
108,2094.8997
109,3854.6052
110,1066.7368
111,3214.966
112,362.61908
113,5306.6816
114,1698.1122
115,3076.3904
116,1035.8787
117,1467.6423
118,1840.8436
119,1808.8403
120,4387.212
121,715.2136
122,1596.5508
123,1458.2908
124,3237.0369
125,4611.6313
126,1937.5947
127,507.21548
128,1367.51
129,1735.1168
130,2644.279
131,1875.3318
132,2024.2738
133,429.7962
134,1220.2866
135,281.7631
136,524.42615
137,1229.9148
138,87.16711
139,2450.0237
140,1512.8611
141,729.2778
142,1564.7534
143,2315.9673
144,1718.5925
145,2016.944
146,2766.4448
147,4513.6562
148,1834.065
149,2175.8115
150,2031.0792
151,4150.917
152,1335.1228
153,4613.83
154,2153.5364
155,2020.9503
156,646.24725
157,1103.5835
158,1236.0194
159,975.88715
160,2732.3694
161,3241.3684
162,3936.2622
163,3136.4053
164,1288.2991
165,488.75543
166,2793.5247
167,2917.7522
168,2467.1538
169,1546.4023
170,3174.7715
171,2791.6133
172,456.74893
173,262.23212
174,2600.9468
175,3488.7222
176,3349.082
177,4374.494
178,1898.451
179,5349.4575
180,1944.9608
181,2865.8381
182,4455.331
183,1027.6819
184,486.15656
185,1914.7767
186,3565.1023
187,4137.6445
188,3865.0613
189,3035.8381
190,1693.3613
191,3601.7932
192,2532.1653
193,538.57074
194,1102.9595
195,3967.273
196,497.8944
197,3350.266
198,2900.6624
199,0.6023279
200,3356.4128
201,2218.1887
202,3302.536
203,2489.5803
204,1607.3877
205,1965.5122
206,4267.4478
207,1460.3075
208,3591.1667
209,1938.8877
210,3186.4414
211,0.6023279
212,3126.4492
213,1580.2512
214,4093.37
215,2254.1792
216,145.05527
217,5611.83
218,2585.68
219,4166.8535
220,267.03598
221,2298.4814
222,2981.7996
223,3251.032
224,1818.402
225,1497.6921
226,3454.2214
227,2686.6663
228,716.69385
229,1710.1436
230,4358.987
231,1131.0352
232,1683.5796
233,1658.6243
234,1312.3623
235,1888.8058
236,2230.5466
237,1977.1031
238,639.7479
239,3105.1711
240,252.5761
241,3744.0295
242,782.22943
243,1787.9331
244,501.70444
245,2031.3644
246,783.42596
247,775.6917
248,339.8271
249,4642.894
250,4050.252
251,1236.0908
252,72.67065
253,1817.4619
254,3919.2424
255,1739.3234
256,4349.8325
257,3995.4297
258,1265.5383
259,833.9041
260,3180.531
261,2393.7295
262,2206.7485
263,3878.4897
264,3294.2373
265,2926.2532
266,2562.071
267,3199.7693
268,1846.2921
269,3952.423
270,3760.1516
271,1810.2122
272,3723.7163
273,2457.7034
274,952.3189
275,1399.8374
276,2946.0017
277,994.1514
278,1874.4436
279,1823.8207
280,2871.1516
281,2752.2625
282,2676.3552
283,2647.5552
284,5620.869
285,4345.027
286,229.18172
287,1468.5858
288,940.01434
289,1066.9486
290,713.54865
291,1821.6764
292,1768.2229
293,2713.9185
294,3836.3293
295,3202.6301
296,2081.765
297,2711.8967
298,899.2205
299,513.486
300,2443.3396
301,3121.0044
302,3957.937
303,1887.9368
304,1682.6348
305,2784.6826
306,4184.461
307,1552.2355
308,2966.864
309,4022.8005
310,1343.4358
311,3702.1672
312,1667.5842
313,2267.6448
314,1834.048
315,1014.9947
316,4117.457
317,3104.535
318,3956.875
319,1583.381
320,1722.122
321,1492.1796
322,2894.0295
323,3293.9902
324,3647.2947
325,3451.9983
326,398.60806
327,2051.4692
328,1125.041
329,527.428
330,379.54028
331,3747.43
332,4675.4316
333,0.6023279
334,1808.7412
335,2099.5994
336,1147.6299
337,1543.1864
338,3488.159
339,3425.0173
340,2722.6912
341,720.26886
342,2902.8977
343,4064.7234
344,1879.2474
345,3080.0193
346,2580.7788
347,5133.005
348,2487.949
349,1654.6001
350,3056.4824
351,904.36554
352,125.689674
353,805.0942
354,3585.6003
355,2774.9915
356,3959.0696
357,1044.4126
358,3011.2341
359,2874.893
360,1997.8248
361,2493.015
362,1680.7437
363,784.60547
364,522.7528
365,1573.6306
366,1298.0896
367,1911.9705
368,2739.0632
369,2805.3923
370,4292.518
371,301.0954
372,213.15436
373,3925.3608
374,4564.151
375,1653.777
376,4681.766
377,2217.8228
378,2644.7542
379,3524.3726
380,1764.4459
381,3284.1672
382,1446.541
383,0.6023279
384,1699.1953
385,75.47416
386,1444.3837
387,3019.8823
388,2061.4617
389,1400.3121
390,3176.5283
391,4327.463
392,1981.7892
393,355.76074
394,2202.9197
395,2612.8313
396,1440.2723
397,1819.4888
398,3143.2886
399,1457.2288
400,2063.274
401,1068.7113
402,2968.289
403,111.94425
404,2805.3005
405,3406.5894
406,967.69525
407,3104.436
408,1348.6545
409,784.5835
410,3316.118
411,2568.0076
412,958.6522
413,2734.8618
414,1903.4186
415,130.15857
416,3741.1729
417,921.0545
418,531.5079
419,4361.6895
420,1773.3512
421,1965.5017
422,1107.9672
423,2275.3655
424,2339.8127
425,3834.3284
426,4233.5913
427,1277.469
428,4142.7935
429,992.3315
430,1131.5913
431,2831.3066
432,1306.1045
433,1930.8591
434,2758.4937
435,5058.1694
436,382.50198
437,1349.7743
438,3501.352
439,2418.0571
440,1883.9066
441,3048.558
442,926.8355
443,1369.7638
444,2622.5686
445,1845.1986
446,3040.9604
447,4197.424
448,4497.477
449,1997.2324
450,871.8235
451,531.81067
452,3011.835
453,2129.8643
454,2869.0378
455,1705.3224
456,2343.4106
457,1698.284
458,3916.973
459,1754.2449
460,2513.1736
461,2002.6619
462,1171.0824
463,2092.7043
464,4431.3623
465,370.00632
466,1569.5342
467,829.5467
468,4327.1904
469,1792.7397
470,4389.9272
471,1330.3911
472,2691.8567
473,244.0465
474,0.6023279
475,932.01117
476,3370.3196
477,3434.0208
478,58.497746
479,2834.4722
480,3716.2966
481,1107.3575
482,2867.7114
483,4118.6484
484,4024.8264
485,2045.08
486,3794.655
487,2829.2305
488,4218.253
489,1320.9501
490,2236.4216
491,4448.0107
492,2944.1829
493,1349.5144
494,1080.9215
495,3403.0098
496,2101.8433
497,4123.0737
498,3105.823
499,2555.605
500,2378.0374
501,1581.0112
502,1402.3982
503,3874.3093
504,976.3526
505,3113.6492
506,511.39236
507,1857.7347
508,3194.8362
509,3584.8586
510,3213.23
511,4399.0083
512,0.6023279
513,1909.7435
514,3013.4927
515,2640.609
516,134.62906
517,4441.9336
518,2592.2776
519,495.90878
520,1730.7274
521,622.82355
522,764.87335
523,2144.0627
524,5022.121
525,5429.576
526,3049.9878
527,2045.8885
528,412.94275
529,3266.951
530,1340.096
531,3274.8494
532,1724.2661
533,1938.247
534,541.0371
535,3427.8079
536,1877.375
537,3688.994
538,2310.3706
539,3941.0984
540,2638.7576
541,346.85092
542,1421.7682
543,34.46758
544,4449.676
545,5568.5195
546,2247.64
547,1657.6975
548,4310.927
549,4647.1963
550,1170.7703
551,1720.5559
552,328.2875
553,3773.7986
554,2269.2495
555,1191.8455
556,3488.823
557,281.54324
558,2891.728
559,3460.4707
560,2537.4456
561,1048.9346
562,3460.989
563,3256.9136
564,3311.384
565,3943.5732
566,4100.4644
567,2400.1487
568,1817.7787
569,3147.16
570,1269.9915
571,2737.2253
572,1297.5366
573,1427.81
574,3077.6155
575,411.1147
576,461.2363
577,980.541
578,2326.8909
579,2473.149
580,3164.612
581,272.55984
582,4015.1995
583,3005.8342
584,1614.0377
585,3183.4734
586,4090.2947
587,801.95514
588,3393.8237
589,2788.9485
590,4386.7666
591,1294.5265
592,2569.1414
593,3456.2336
594,2990.435
595,738.8678
596,2168.9297
597,1956.8209
598,3252.3406
599,2210.8516
600,3317.9836
601,3289.1565
602,2238.2178
603,1923.9563
604,2244.2393
605,5049.762
606,2065.0837
607,1717.5427
608,838.8538
609,1155.2424
610,1067.1525
611,1966.7079
612,3308.4138
613,3734.6433
614,2453.2166
615,856.6452
616,1589.6371
617,932.76
618,1777.005
619,160.02054
620,1377.5375
621,422.74774
622,1839.5487
623,2661.5583
624,2913.955
625,2332.7217
626,520.00256
627,3265.0544
628,1542.5613
629,1176.7916
630,2442.7026
631,1945.1565
632,1493.1676
633,1320.9122
634,1023.5557
635,420.97632
636,2190.112
637,584.38965
638,1339.5637
639,3156.903
640,594.9522
641,2429.1038
642,4373.7285
643,3317.5186
644,1702.2654
645,2348.6934
646,2167.0303
647,2852.5623
648,1162.1244
649,397.29456
650,2480.7556
651,4727.7227
652,1520.7471
653,3103.2407
654,3040.8564
655,4125.7676
656,792.79553
657,150.51457
658,4314.9185
659,4285.313
660,3141.0686
661,3212.001
662,3842.5696
663,3938.1248
664,781.9196
665,1754.4679
666,3013.1074
667,1763.4789
668,2792.0205
669,3480.587
670,807.68524
671,3758.7986
672,4024.1846
673,1567.9094
674,235.52307
675,1685.6965
676,1772.4548
677,526.3524
678,1975.8131
679,2811.6875
680,1835.3375
681,5901.9033
682,2229.361
683,530.48346
684,2380.7397
685,3167.4502
686,2161.5767
687,3038.61
688,3575.7583
689,242.45958
690,5798.72
691,1558.7637
692,1921.7537
693,2420.1433
694,279.98795
695,1759.9625
696,4112.4526
697,750.6138
698,3207.2031
699,2581.1445
700,3828.2698
701,2156.1511
702,1709.5259
703,511.15347
704,2348.8157
705,3370.12
706,832.64136
707,3915.1726
708,3523.864
709,3418.592
710,3616.8328
711,2941.4497
712,3844.1726
713,979.3809
714,1560.8457
715,2555.115
716,2623.5168
717,540.55676
718,3168.9734
719,754.31805
720,1619.8304
721,2643.5388
722,152.81798
723,2823.257
724,3637.0566
725,3008.709
726,1092.9353
727,1637.1936
728,4676.5747
729,2860.4697
730,1658.7286
731,1686.3813
732,3283.833
733,934.9891
734,2811.6296
735,2022.05
736,3001.0054
737,944.79913
738,3925.719
739,1852.8507
740,1901.9574
741,2153.7856
742,3016.5269
743,2630.1992
744,3933.103
745,2213.125
746,4495.032
747,3366.5786
748,4645.1426
749,1034.6017
750,5413.217
751,2835.4883
752,2831.074
753,1059.6987
754,2087.8743
755,3125.6172
756,1976.1687
757,2107.992
758,2277.7454
759,899.6457
760,3822.422
761,2039.5853
762,3162.8108
763,1506.2214
764,2770.8503
765,2204.5203
766,4434.6216
767,2212.327
768,1727.363
769,2345.4136
770,1397.1233
771,3311.1785
772,3008.0125
773,251.77711
774,330.97818
775,3030.0002
776,2895.3562
777,3127.68
778,2644.7693
779,4098.198
780,2139.014
781,1909.8422
782,1359.2616
783,718.42
784,2462.789
785,2336.7168
786,1435.46
787,3102.4219
788,901.0623
789,1754.9929
790,3115.522
791,3834.0723
792,638.243
793,4370.1772
794,2030.8254
795,1146.334
796,3837.496
797,870.85974
798,2605.814
799,1912.9167
800,1557.3735
801,3239.547
802,2355.263
803,104.07832
804,1389.4922
805,3142.585
806,2741.1826
807,3267.264
808,2987.3406
809,2501.09
810,2073.6501
811,3082.7107
812,1607.875
813,1527.2563
814,2487.638
815,3111.9265
816,2824.8865
817,4124.0415
818,2693.6077
819,3026.738
820,260.36386
821,4793.2
822,560.39886
823,1365.8608
824,594.4427
825,1530.2524
826,2878.0935
827,3508.8513
828,805.3339
829,666.6884
830,1376.0393
831,296.08298
832,3913.3042
833,1976.3348
834,2056.5403
835,3020.0532
836,2974.2683
837,2930.934
838,2723.7332
839,618.5259
840,4259.458
841,324.77103
842,471.41968
843,938.1121
844,2762.844
845,2093.7974
846,1697.8593
847,824.06964
848,1593.6697
849,2628.1755
850,3425.3079
851,4527.8687
852,5691.175
853,2994.4182
854,778.5004
855,4067.9697
856,1906.0275
857,3037.3503
858,321.50897
859,3770.5564
860,1861.8589
861,5206.932
862,1916.4481
863,1537.8009
864,1650.2075
865,1614.001
866,5548.1895
867,2880.5815
868,2398.4285
869,4330.232
870,2387.588
871,279.92496
872,1158.3082
873,2850.5823
874,2678.7996
875,259.59845
876,1122.9778
877,1388.7721
878,924.55707
879,993.33344
880,1719.8595
881,4521.7974
882,3281.891
883,1259.8611
884,4281.7163
885,2767.1836
886,3038.343
887,574.08716
888,252.89716
889,2819.328
890,1015.443
891,1378.1189
892,1363.3921
893,3247.8928
894,1416.0208
895,3927.7341
896,3963.4714
897,1939.0769
898,1357.2759
899,1357.2208
900,524.0712
901,2070.6511
902,2480.0007
903,194.72116
904,3337.1753
905,3090.345
906,2048.8796
907,1423.6147
908,3061.248
909,752.7133
910,3152.7493
911,280.4216
912,2802.5852
913,1930.7347
914,2675.5276
915,3170.8838
916,2415.8152
917,1905.7286
918,5967.9375
919,1637.2137
920,2953.224
921,1516.0734
922,2705.1458
923,2089.8342
924,922.68134
925,1829.4904
926,2699.844
927,3889.0317
928,2229.9102
929,1464.1957
930,294.55612
931,5799.9546
932,3866.74
933,2467.1577
934,4376.7944
935,1875.9236
936,657.13983
937,2501.9717
938,611.0356
939,4436.3916
940,4714.1353
941,1899.2505
942,2835.7598
943,925.19147
944,1483.7485
945,482.0131
946,860.5902
947,755.82556
948,2686.6482
949,1972.7366
950,3835.3943
951,4181.9946
952,1452.5073
953,2618.86
954,1268.1101
955,1339.1555
956,1261.119
957,2605.1868
958,1003.58887
959,2844.5515
960,2246.632
961,4094.0623
962,3201.35
963,2711.5706
964,1865.7697
965,1982.7097
966,2074.3608
967,3682.9448
968,2658.6665
969,87.2323
970,4519.9434
971,2132.5325
972,4690.862
973,2837.9648
974,819.4669
975,3009.6995
976,1970.9874
977,2116.8647
978,3091.0938
979,1769.5232
980,2600.6204
981,1310.917
982,2733.5354
983,4505.286
984,3154.7925
985,1583.9059
986,3322.5671
987,1052.9202
988,1322.0874
989,3679.0408
990,1828.647
991,1695.0181
992,2927.843
993,4163.2246
994,5091.582
995,3875.7585
996,2619.1265
997,1806.0181
998,2580.2964
999,1351.2053
1000,3369.8071
1001,3156.6267
1002,3387.3835
1003,4204.224
1004,1904.3843
1005,3193.1318
1006,3201.3098
1007,1829.5016
1008,3219.4893
1009,4191.013
1010,2075.0598
1011,287.3236
1012,2540.8965
1013,1301.8881
1014,1272.0697
1015,1868.6396
1016,1362.1022
1017,3166.8264
1018,3188.4077
1019,2738.893
1020,5261.724
1021,2036.7734
1022,3408.5293
1023,1124.5518
1024,737.71027
1025,956.21594
1026,3968.9902
1027,3326.194
1028,2682.8438
1029,3510.4263
1030,1140.3318
1031,2040.7683
1032,2706.33
1033,1438.5496
1034,1536.6035
1035,5285.907
1036,4535.793
1037,1622.1691
1038,4585.516
1039,1995.7799
1040,3073.6365
1041,3137.7263
1042,1507.1559
1043,5202.7183
1044,2366.1272
1045,2055.2297
1046,162.00133
1047,837.62555
1048,3067.3787
1049,2982.974
1050,1214.6445
1051,2612.6028
1052,324.99246
1053,3913.7366
1054,1458.4602
1055,2127.1252
1056,2767.6204
1057,2476.6738
1058,3369.2722
1059,2021.0715
1060,1697.0559
1061,2609.381
1062,3129.743
1063,870.2434
1064,256.27222
1065,5690.995
1066,737.37103
1067,3670.0994
1068,4610.249
1069,0.6023279
1070,698.7627
1071,2038.9248
1072,2106.681
1073,1304.9525
1074,3830.7266
1075,4004.8447
1076,849.84985
1077,1977.2582
1078,1417.376
1079,1220.2367
1080,1494.5763
1081,1546.9812
1082,823.57855
1083,3876.6768
1084,1151.0564
1085,2101.687
1086,2396.778
1087,1514.5931
1088,2824.8533
1089,1005.72107
1090,3462.2058
1091,2117.814
1092,4768.1353
1093,3842.092
1094,1095.543
1095,2814.6392
1096,932.3184
1097,935.02783
1098,4402.163
1099,1302.733
1100,2449.322
1101,1638.7365
1102,1957.23
1103,765.2074
1104,826.8303
1105,2175.2302
1106,1037.6931
1107,2934.8591
1108,432.85736
1109,2924.6038
1110,1804.5624
1111,2870.4841
1112,892.3291
1113,3323.359
1114,2005.491
1115,4361.5454
1116,3136.1736
1117,1906.4156
1118,3626.2822
1119,4040.5608
1120,4336.657
1121,3458.3958
1122,3693.1702
1123,3093.3176
1124,3109.56
1125,3118.3452
1126,532.3669
1127,734.8208
1128,1318.9364
1129,2507.477
1130,3887.5786
1131,1007.5666
1132,1454.9152
1133,3547.2295
1134,898.5181
1135,1943.7576
1136,2128.7603
1137,4517.68
1138,1051.1687
1139,3398.8035
1140,1584.0826
1141,1875.448
1142,952.688
1143,2312.6316
1144,2239.2905
1145,487.46835
1146,2637.0117
1147,544.213
1148,1600.1464
1149,341.3606
1150,4087.7124
1151,928.66583
1152,3827.4365
1153,734.3796
1154,3036.532
1155,2811.1697
1156,3829.589
1157,3168.6968
1158,1489.2578
1159,2536.8318
1160,918.0966
1161,3123.3809
1162,4380.729
1163,2142.3723
1164,331.8659
1165,2044.1011
1166,4059.4597
1167,1686.5525
1168,1703.5194
1169,1997.5038
1170,2537.816
1171,4194.3213
1172,3351.5403
1173,1971.2999
1174,1491.9369
1175,2471.9963
1176,1026.2048
1177,854.48224
1178,3906.6023
1179,2651.3896
1180,1976.625
1181,2303.555
1182,2492.0435
1183,2669.3547
1184,2860.5393
1185,725.2861
1186,2187.2065
1187,2655.44
1188,3112.083
1189,1213.8044
1190,1365.7024
1191,554.8173
1192,3491.4792
1193,3500.4978
1194,5277.6323
1195,199.8204
1196,632.821
1197,910.5974
1198,888.4378
1199,1684.2617
1200,2077.3174
1201,2544.33
1202,2590.4663
1203,2815.1904
1204,1935.0032
1205,1710.6201
1206,2432.5222
1207,4160.249
1208,766.56134
1209,1767.5049
1210,3956.2368
1211,2660.242
1212,853.26746
1213,2585.2163
1214,2329.1504
1215,1467.9639
1216,4363.421
1217,973.42426
1218,1944.4343
1219,1674.8478
1220,1841.3298
1221,4652.961
1222,2469.8313
1223,1502.0479
1224,232.1591
1225,3035.2737
1226,2697.843
1227,1192.7185
1228,2005.4497
1229,1772.2249
1230,1198.7842
1231,1650.6239
1232,3682.0696
1233,78.48845
1234,231.33293
1235,3259.596
1236,3036.3938
1237,2901.5432
1238,2471.437
1239,3715.64
1240,2824.1394
1241,3407.052
1242,2325.9963
1243,3240.2048
1244,4450.3184
1245,2924.8643
1246,2003.0671
1247,826.7234
1248,3907.3584
1249,2226.517
1250,165.26749
1251,3853.9084
1252,1687.5134
1253,1322.6195
1254,2078.6995
1255,4254.3975
1256,1765.2046
1257,2563.5583
1258,4429.303
1259,382.19604
1260,2983.328
1261,2826.972
1262,2794.7473
1263,1340.7948
1264,516.4437
1265,1861.4576
1266,3993.8245
1267,1966.0581
1268,4988.5815
1269,471.637
1270,326.4829
1271,1917.342
1272,1401.8596
1273,523.94586
1274,3158.5151
1275,5594.538
1276,2864.6108
1277,2949.6538
1278,1694.0228
1279,1007.8271
1280,1919.7207
1281,3272.5212
1282,3376.4797
1283,2156.6128
1284,4553.2153
1285,1776.9574
1286,3792.3738
1287,306.82043
1288,1187.8799
1289,1543.7941
1290,3043.5173
1291,2077.0085
1292,1810.2186
1293,2424.015
1294,0.6023279
1295,1527.7078
1296,1923.1482
1297,2034.9215
1298,577.3794
1299,3050.6343
1300,1989.8002
1301,1360.3262
1302,4660.932
1303,1922.5093
1304,1463.358
1305,1469.8163
1306,1079.9247
1307,1041.3348
1308,4234.2573
1309,1829.2308
1310,697.2817
1311,4306.611
1312,2848.965
1313,501.32983
1314,2894.648
1315,3239.9841
1316,1385.8816
1317,856.5014
1318,3012.452
1319,3114.4011
1320,2981.1272
1321,1399.7941
1322,1600.6041
1323,3709.147
1324,3281.2046
1325,3131.9558
1326,831.22577
1327,4032.9246
1328,3911.8577
1329,418.12357
1330,3901.0793
1331,2862.6462
1332,295.8362
1333,4463.9985
1334,3164.5896
1335,886.54974
1336,1564.3274
1337,2982.7964
1338,2562.1335
1339,416.72824
1340,488.0409
1341,1601.5165
1342,2096.825
1343,2358.2651
1344,2456.2861
1345,405.6649
1346,2450.3613
1347,2545.661
1348,407.06543
1349,2178.7246
1350,5188.531
1351,3425.6555
1352,4214.8135
1353,1425.9974
1354,1292.4739
1355,2876.4158
1356,2092.168
1357,3456.8384
1358,3831.543
1359,2474.1733
1360,4100.16
1361,1040.4799
1362,1049.8147
1363,313.09872
1364,2730.694
1365,2265.457
1366,3556.247
1367,4186.1934
1368,409.02246
1369,2553.0107
1370,3123.7534
1371,3227.887
1372,2690.6873
1373,2244.634
1374,4279.268
1375,5801.4756
1376,1041.4392
1377,1579.5527
1378,2103.6716
1379,2146.7568
1380,1296.5852
1381,3890.9363
1382,1911.4359
1383,4339.302
1384,3896.7832
1385,0.6023279
1386,1615.4939
1387,2939.452
1388,5029.0547
1389,3083.4663
1390,3067.0972
1391,823.46747
1392,2816.7524
1393,2605.5913
1394,668.89166
1395,2318.338
1396,4499.382
1397,3126.5557
1398,1787.2587
1399,927.9144
1400,1250.8723
1401,191.94234
1402,1731.1527
1403,2405.1177
1404,1796.3994
1405,2072.181
1406,2175.9368
1407,2517.527
1408,967.80585
1409,1376.1228
1410,5259.038
1411,1174.6084
1412,2602.8176
1413,2758.6272
1414,1643.5199
1415,3933.5173
1416,3190.4634
1417,2126.5625
1418,853.27936
1419,2461.2847
1420,3327.6292
1421,1009.64075
1422,3480.3079
1423,1551.5709
1424,1923.6959
1425,1394.3428
1426,3260.8704
1427,1108.6348
1428,2920.711
1429,860.0704
1430,1660.3813
1431,2726.3704
1432,1081.8916
1433,968.13727
1434,3378.848
1435,265.8776
1436,3868.4858
1437,4002.312
1438,1128.904
1439,479.3033
1440,1723.7388
1441,1946.5392
1442,1497.9341
1443,2615.7598
1444,4661.169
1445,1495.8844
1446,2179.0735
1447,4084.771
1448,1897.2455
1449,3224.3782
1450,2418.6055
1451,4018.5295
1452,928.8551
1453,5692.0483
1454,2386.3423
1455,190.40762
1456,2536.124
1457,4582.6235
1458,1876.0703
1459,1444.6692
1460,3014.9717
1461,3221.555
1462,4041.34
1463,2951.3787
1464,783.8377
1465,2775.9106
1466,3876.7004
1467,2396.1023
1468,2168.5222
1469,1862.9281
1470,3205.4548
1471,1789.9545
1472,5036.413
1473,3728.74
1474,5410.6724
1475,2191.4634
1476,2051.449
1477,2879.7598
1478,5075.444
1479,5262.952
1480,3457.6602
1481,1507.8584
1482,2958.288
1483,3756.3215
1484,1317.1626
1485,1015.6176
1486,3790.943
1487,670.8956
1488,2795.1597
1489,1991.5464
1490,4005.24
1491,3145.726
1492,982.83
1493,756.847
1494,279.42407
1495,3228.4404
1496,1075.3888
1497,935.5387
1498,4300.6284
1499,2446.564
1500,86.805016
1501,1471.0815
1502,2153.5547
1503,5349.788
1504,1957.851
1505,9.606139
1506,2973.2205
1507,1712.5144
1508,2825.0295
1509,3844.826
1510,125.454475
1511,2060.4333
1512,2185.2493
1513,957.3392
1514,2596.5916
1515,2789.3374
1516,246.98648
1517,383.2262
1518,685.7464
1519,1967.8787
1520,1732.9587
1521,535.81433
1522,2820.207
1523,3015.2563
1524,3063.267
1525,210.9397
1526,1021.26715
1527,1662.4792
1528,795.1312
1529,2399.1116
1530,2240.7349
1531,547.03217
1532,3330.2493
1533,557.8821
1534,4094.7021
1535,2397.9282
1536,2939.2944
1537,2236.4053
1538,2043.2948
1539,1648.7649
1540,2837.8806
1541,1811.0023
1542,780.5187
1543,2186.1572
1544,201.24048
1545,698.25555
1546,3866.8025
1547,397.50357
1548,4576.201
1549,2503.2273
1550,3134.2776
1551,2146.2822
1552,503.82635
1553,2752.9504
1554,2831.4734
1555,2747.1252
1556,2510.5007
1557,1744.371
1558,856.83527
1559,4279.5967
1560,1905.5906
1561,1246.4196
1562,1291.1766
1563,1947.511
1564,293.67233
1565,1533.7842
1566,4366.239
1567,3490.5452
1568,1293.9285
1569,2597.7065
1570,1922.3992
1571,4997.4214
1572,916.79156
1573,3087.697
1574,690.7432
1575,4163.088
1576,2023.2731
1577,2417.9548
1578,2156.2349
1579,819.76434
1580,1859.6538
1581,4159.572
1582,3243.8638
1583,2092.2056
1584,2753.9219
1585,3442.3247
1586,2800.7065
1587,1651.7362
1588,1962.1796
1589,2779.9724
1590,1908.7101
1591,736.09375
1592,3375.6826
1593,384.91788
1594,2289.2075
1595,1081.5461
1596,4263.1724
1597,3517.405
1598,3140.5105
1599,2193.645
1600,3187.1096
1601,1358.7437
1602,1202.2966
1603,2631.3518
1604,3319.4912
1605,826.3708
1606,5430.898
1607,3065.2185
1608,2917.4639
1609,1413.0718
1610,3302.9783
1611,302.13202
1612,2446.5227
1613,4020.7964
1614,768.46356
1615,3428.138
1616,219.51631
1617,1922.216
1618,3189.512
1619,1234.5126
1620,2737.5745
1621,3541.477
1622,3928.9963
1623,1578.1968
1624,2330.4248
1625,1318.4641
1626,3901.1838
1627,3034.3938
1628,3193.0503
1629,0.6023279
1630,4018.1394
1631,3316.2986
1632,1470.8463
1633,787.3028
1634,4711.542
1635,1914.1759
1636,4281.8755
1637,1070.6641
1638,4232.245
1639,3044.173
1640,3471.2983
1641,3351.2102
1642,1040.8391
1643,3182.8547
1644,1947.1385
1645,3637.8218
1646,1579.3914
1647,3768.7986
1648,859.8087
1649,2552.396
1650,1935.5183
1651,495.2191
1652,991.3083
1653,3418.5579
1654,4109.0444
1655,706.3024
1656,2123.8706
1657,732.27466
1658,1988.966
1659,1016.6302
1660,2940.9727
1661,1749.0928
1662,4211.163
1663,1693.0392
1664,460.80304
1665,3246.539
1666,4454.996
1667,1635.3579
1668,3899.6204
1669,1795.588
1670,3330.7512
1671,3537.8508
1672,1194.99
1673,1527.9624
1674,971.478
1675,4566.5396
1676,377.8744
1677,2518.9006
1678,1628.6177
1679,4022.693
1680,2219.4727
1681,2972.438
1682,2981.1487
1683,1374.5745
1684,177.1547
1685,2982.3481
1686,3154.753
1687,2696.4983
1688,1501.182
1689,1063.4065
1690,1547.1165
1691,734.75055
1692,2006.5466
1693,2923.3423
1694,2148.866
1695,773.0446
1696,2460.2607
1697,2668.5037
1698,2240.2166
1699,746.3944
1700,4017.7092
1701,1844.6462
1702,1331.8295
1703,2262.099
1704,2052.6133
1705,1547.5901
1706,4305.075
1707,3309.5593
1708,3775.3152
1709,2671.5034
1710,442.43246
1711,1866.2161
1712,3338.6091
1713,2206.9568
1714,4352.634
1715,2538.613
1716,4099.3467
1717,1906.1973
1718,1159.1862
1719,1373.6594
1720,2883.5676
1721,2580.0999
1722,2734.1975
1723,1868.7954
1724,3303.2007
1725,1983.5391
1726,4570.073
1727,3864.799
1728,2260.9568
1729,1884.3038
1730,3278.2244
1731,3463.46
1732,2569.0483
1733,356.1939
1734,1341.7849
1735,2107.989
1736,2115.404
1737,1845.6553
1738,622.6482
1739,2384.6135
1740,1062.813
1741,368.64066
1742,1965.4761
1743,2472.3928
1744,322.49933
1745,3259.157
1746,944.8143
1747,2122.1858
1748,2914.6436
1749,3059.9182
1750,4457.17
1751,1079.4478
1752,3080.2793
1753,4058.1182
1754,2486.6223
1755,633.544
1756,3212.4224
1757,3294.7083
1758,692.8099
1759,2668.4128
1760,3906.5242
1761,3736.6926
1762,2483.9739
1763,3155.893
1764,1289.9042
1765,2138.3955
1766,4197.6543
1767,1840.3458
1768,2704.3123
1769,4465.139
1770,2836.5571
1771,3921.741
1772,3169.84
1773,4025.047
1774,2871.2659
1775,3278.6194
1776,1603.6868
1777,2948.091
1778,733.9409
1779,4521.0083
1780,945.6398
1781,527.9656
1782,1445.0288
1783,0.6023279
1784,3178.6873
1785,303.0353
1786,2308.615
1787,1256.7361
1788,2082.6763
1789,2093.8567
1790,447.74762
1791,2603.135
1792,3734.3782
1793,1865.7274
1794,1890.1389
1795,2584.6167
1796,2755.4912
1797,1606.0862
1798,1706.156
1799,1109.6066
1800,1122.0559
1801,5359.49
1802,1584.8104
1803,1285.8131
1804,3665.9714
1805,417.66376
1806,2609.763
1807,429.47217
1808,1097.4263
1809,3420.8325
1810,2600.3113
1811,2637.203
1812,299.69473
1813,3540.7957
1814,1594.7424
1815,2573.5127
1816,1027.7892
1817,3332.4907
1818,3114.4395
1819,535.9739
1820,2957.2505
1821,1829.963
1822,3629.4224
1823,264.60004
1824,725.2722
1825,1641.7438
1826,1519.633
1827,3283.2407
1828,3113.0735
1829,616.9975
1830,2227.1934
1831,2835.13
1832,891.4697
1833,954.893
1834,4059.7542
1835,1548.007
1836,51.31885
1837,5308.126
1838,2057.303
1839,3455.2095
1840,3709.388
1841,2677.673
1842,2450.901
1843,2702.2244
1844,2027.9531
1845,1813.9071
1846,2111.3267
1847,1665.0756
1848,1622.6821
1849,2854.6377
1850,3822.2068
1851,3272.7065
1852,496.11002
1853,4169.979
1854,2075.4458
1855,1493.5181
1856,2735.3042
1857,246.92528
1858,3670.7346
1859,2781.1306
1860,1299.1548
1861,3923.185
1862,3353.67
1863,1620.5538
1864,4194.408
1865,2343.294
1866,2410.1292
1867,1762.1709
1868,843.4135
1869,777.3341
1870,2016.6296
1871,2531.3826
1872,0.6023279
1873,866.4328
1874,2869.0378
1875,1446.1768
1876,4395.411
1877,3460.1719
1878,1755.998
1879,1868.3447
1880,1066.6384
1881,2620.5195
1882,1544.0729
1883,2926.3472
1884,1375.2554
1885,347.38315
1886,3114.1028
1887,926.2666
1888,4144.804
1889,820.58417
1890,1207.4067
1891,2622.9006
1892,1783.5002
1893,1620.887
1894,110.32595
1895,4670.62
1896,1488.605
1897,3259.057
1898,1711.7395
1899,3597.6194
1900,3323.1924
1901,2808.9185
1902,0.6023279
1903,3772.0066
1904,2454.7917
1905,2812.9395
1906,5442.6655
1907,4383.2285
1908,3484.1572
1909,2427.6636
1910,3115.3188
1911,1250.7544
1912,4289.2446
1913,2210.8901
1914,4369.8647
1915,375.86832
1916,1408.4985
1917,3367.4084
1918,1818.8818
1919,0.6023279
1920,1870.4362
1921,2157.9001
1922,2347.5166
1923,3712.4736
1924,3878.4636
1925,1776.346
1926,1983.7917
1927,4445.622
1928,1320.5352
1929,1934.9297
1930,4082.3755
1931,412.37378
1932,3770.0576
1933,1468.0381
1934,4467.222
1935,2971.3179
1936,2497.524
1937,3137.1794
1938,1576.2847
1939,911.0873
1940,1704.2292
1941,1753.6927
1942,1321.9641
1943,1030.4324
1944,1167.3601
1945,768.00885
1946,5060.4614
1947,3082.1467
1948,1794.4207
1949,871.8711
1950,1350.7261
1951,2640.261
1952,3987.9583
1953,945.8322
1954,1947.1075
1955,206.54321
1956,2544.6858
1957,3174.1514
1958,727.88434
1959,498.7916
1960,4199.095
1961,2022.4965
1962,2003.3339
1963,1992.9308
1964,3374.3276
1965,776.48334
1966,884.667
1967,2990.3433
1968,1781.4496
1969,1154.8597
1970,96.24616
1971,2147.9077
1972,80.78784
1973,660.4062
1974,422.4918
1975,870.1983
1976,1236.3333
1977,3547.58
1978,3089.4956
1979,3026.2314
1980,1589.4003
1981,4329.492
1982,1823.2024
1983,1850.5908
1984,1130.2256
1985,2424.739
1986,3016.8254
1987,988.59076
1988,3985.1267
1989,1370.3763
1990,2781.6475
1991,2534.078
1992,2988.3816
1993,2102.3303
1994,4393.8623
1995,2582.8696
1996,3846.4844
1997,888.9659
1998,2298.2876
1999,2015.8635
2000,2102.342
2001,679.622
2002,850.4936
2003,3174.0913
2004,3322.4636
2005,3154.4153
2006,2310.9
2007,3431.4272
2008,2252.217
2009,2733.3335
2010,342.7253
2011,4396.632
2012,589.5204
2013,686.42523
2014,2415.2803
2015,3044.405
2016,899.64056
2017,1797.0642
2018,4324.4365
2019,267.34155
2020,2682.719
2021,1911.9933
2022,3272.5088
2023,2276.6191
2024,935.38666
2025,3143.8643
2026,2950.849
2027,1048.4585
2028,4396.3345
2029,3750.591
2030,1279.9574
2031,2016.961
2032,4309.98
2033,1823.3977
2034,2130.686
2035,2008.5605
2036,3494.073
2037,841.631
2038,741.81836
2039,3332.104
2040,2682.5085
2041,2341.4482
2042,1816.9518
2043,3826.366
2044,2136.172
2045,730.9534
2046,2658.5542
2047,3209.7446
2048,2889.9243
2049,1583.5487
2050,2690.2688
2051,1024.6888
2052,759.1385
2053,2732.4053
2054,2836.7815
2055,1008.438
2056,1141.0819
2057,523.24866
2058,3181.655
2059,1109.4729
2060,2321.7114
2061,3217.6165
2062,5324.1323
2063,1101.299
2064,1949.3645
2065,1102.399
2066,904.73486
2067,1170.1519
2068,1941.782
2069,3453.966
2070,2379.636
2071,3503.293
2072,1000.18414
2073,2150.4397
2074,1624.5604
2075,404.75644
2076,697.4055
2077,4349.7646
2078,3002.1313
2079,1415.0248
2080,1881.1471
2081,4292.9844
2082,513.51434
2083,948.94916
2084,1704.6895
2085,2071.1965
2086,2507.4158
2087,880.3966
2088,2809.1353
2089,1395.1143
2090,3729.2603
2091,4580.083
2092,1823.3926
2093,3438.5173
2094,883.0164
2095,1568.0416
2096,1994.7568
2097,2571.595
2098,2125.7356
2099,3085.1484
2100,1606.671
2101,2546.43
2102,1496.905
2103,3197.101
2104,3568.0159
2105,2681.891
2106,618.3091
2107,2854.4338
2108,3237.152
2109,3103.2185
2110,1587.9537
2111,2089.9883
2112,582.2878
2113,3825.6301
2114,878.643
2115,372.7614
2116,2515.983
2117,1013.27295
2118,675.26825
2119,2584.3694
2120,4157.7314
2121,2775.97
2122,4433.0703
2123,4656.7793
2124,2933.195
2125,609.12933
2126,3063.1982
2127,2139.1729
2128,4863.851
2129,2687.6272
2130,1517.6797
2131,613.99414
2132,1759.151
2133,3368.0562
2134,876.9986
2135,292.00885
2136,3291.5366
2137,4502.8423
2138,1115.2086
2139,951.90546
2140,4193.274
2141,4242.3384
2142,3157.5461
2143,2701.16
2144,3091.3953
2145,2696.2163
2146,328.92337
2147,3244.6445
2148,4123.2227
2149,4648.5645
2150,2286.245
2151,1807.9944
2152,1627.0482
2153,2995.4006
2154,2941.7446
2155,1208.7529
2156,4490.8374
2157,3389.338
2158,2014.344
2159,905.9203
2160,2927.0642
2161,1017.0983
2162,349.47998
2163,407.24417
2164,1932.8859
2165,1932.6526
2166,1652.2109
2167,0.6023279
2168,1154.6361
2169,5512.529
2170,2666.849
2171,2027.2163
2172,2395.9248
2173,3106.3972
2174,1475.6288
2175,1438.5564
2176,2937.5247
2177,3397.006
2178,749.1519
2179,0.6023279
2180,759.11536
2181,3271.3909
2182,3620.7375
2183,4541.5303
2184,1515.6643
2185,5877.8545
2186,1332.6709
2187,5337.3374
2188,2597.1572
2189,1642.5596
2190,982.20856
2191,3552.9211
2192,4430.296
2193,841.33325
2194,938.783
2195,2070.904
2196,1583.478
2197,3373.31
2198,4398.9165
2199,1942.137
2200,4362.1694
2201,4704.637
2202,2018.6957
2203,2479.822
2204,4582.361
2205,1031.5635
2206,1355.8899
2207,2131.5503
2208,5388.4688
2209,1761.3313
2210,2511.3647
2211,830.2214
2212,265.6216
2213,940.39954
2214,3381.9924
2215,2004.7212
2216,1405.4955
2217,4397.2783
2218,2020.6628
2219,3461.9119
2220,942.40186
2221,4877.7656
2222,505.9822
2223,3892.2896
2224,1772.0253
2225,2382.5771
2226,2655.429
2227,1798.0911
2228,886.2481
2229,2151.5745
2230,66.53402
2231,4309.741
2232,3966.7224
2233,1147.0398
2234,4217.395
2235,668.5275
2236,3769.8196
2237,414.36505
2238,4488.129
2239,4193.37
2240,300.657
2241,3166.1787
2242,1140.6598
2243,1062.6743
2244,1701.0476
2245,1302.8164
2246,3011.8953
2247,2678.2908
2248,4423.933
2249,3290.5398
2250,279.8665
2251,3055.0327
2252,2976.0862
2253,2683.8196
2254,685.5631
2255,2880.772
2256,0.6023279
2257,2998.032
2258,1676.0663
2259,4410.847
2260,976.3311
2261,1008.4876
2262,4318.4395
2263,2973.3389
2264,3086.222
2265,3929.2585
2266,1548.7617
2267,5179.8984
2268,718.91156
2269,2828.702
2270,1279.6116
2271,3414.1814
2272,3983.6501
2273,4762.4688
2274,2585.6394
2275,1206.8291
2276,664.35596
2277,1462.147
2278,3561.9517
2279,2496.8645
2280,4360.332
2281,1235.1665
2282,1616.8118
2283,2415.508
2284,2538.5837
2285,1098.1083
2286,4459.849
2287,3480.6506
2288,2182.4575
2289,3000.6533
2290,1373.4263
2291,2591.452
2292,2312.637
2293,1045.9515
2294,1252.8025
2295,250.14563
2296,3133.4893
2297,3373.7114
2298,905.53314
2299,2640.6077
2300,3152.2388
2301,577.902
2302,475.82437
2303,2251.6821
2304,2201.9934
2305,4258.7363
2306,689.618
2307,1823.2559
2308,1789.6593
2309,697.5431
2310,995.87134
2311,1712.6926
2312,2904.0364
2313,4926.488
2314,3064.9622
2315,1619.5522
2316,3691.189
2317,3388.8206
2318,3352.7573
2319,3761.8582
2320,3781.1614
2321,1957.7825
2322,2432.3088
2323,3265.5437
2324,2059.0063
2325,4422.3003
2326,2647.1865
2327,1892.5039
2328,1423.8273
2329,4059.4265
2330,1771.9498
2331,1013.4842
2332,2318.9146
2333,3494.161
2334,2591.9106
2335,2097.1006
2336,581.38885
2337,3370.0823
2338,3852.6157
2339,1126.0505
2340,679.2411
2341,1524.4197
2342,782.3866
2343,4087.1628
2344,2314.5378
2345,350.36093
2346,3164.8147
2347,3745.5298
2348,1277.2747
2349,1113.6313
2350,2628.3157
2351,603.02783
2352,1023.4218
2353,3377.79
2354,3132.3904
2355,3278.7224
2356,283.58258
2357,1019.26044
2358,2115.1497
2359,4215.459
2360,3400.9944
2361,4443.5713
2362,579.6237
2363,2854.5742
2364,1071.5339
2365,344.93228
2366,4307.4927
2367,4023.8513
2368,1306.1377
2369,3106.0583
2370,3345.6655
2371,774.29816
2372,3104.2085
2373,1970.9498
2374,2257.5862
2375,1179.5186
2376,1926.4371
2377,1346.9128
2378,2111.6672
2379,1531.856
2380,399.63882
2381,869.0619
2382,2423.6663
2383,3903.1785
2384,2253.9841
2385,3262.4475
2386,420.49634
2387,2506.1392
2388,1171.4807
2389,1361.0845
2390,861.2284
2391,548.8332
2392,4006.9062
2393,177.12224
2394,806.1443
2395,749.03986
2396,961.42145
2397,1686.478
2398,1320.967
2399,4470.5107
2400,4157.7554
2401,2725.5293
2402,1719.8662
2403,2159.181
2404,1498.7808
2405,3701.3184
2406,3392.5054
2407,4658.496
2408,214.47018
2409,757.3736
2410,1473.6765
2411,721.18646
2412,1226.2462
2413,1883.0125
2414,2501.276
2415,3736.5964
2416,2597.1902
2417,2409.2708
2418,1346.3434
2419,2049.0994
2420,364.3689
2421,2164.0083
2422,2057.5784
2423,4620.9775
2424,3018.9607
2425,2661.8037
2426,3839.1472
2427,2358.1614
2428,2032.3209
2429,3427.1267
2430,1206.0024
2431,973.09106
2432,3905.22
2433,377.9981
2434,3142.0193
2435,4184.813
2436,2894.0977
2437,2756.701
2438,2062.828
2439,3158.0312
2440,4071.109
2441,822.023
2442,4181.073
2443,3275.2498
2444,2619.5825
2445,2739.1274
2446,2498.098
2447,4251.789
2448,2721.9084
2449,2591.1096
2450,3475.6392
2451,3792.6973
2452,747.9012
2453,1676.8889
2454,1480.1871
2455,233.88246
2456,2079.4219
2457,3741.5483
2458,1229.7751
2459,4296.039
2460,1234.7372
2461,1644.8093
2462,3066.2344
2463,4308.1123
2464,3312.969
2465,1599.3293
2466,1248.8142
2467,3020.675
2468,1684.2231
2469,1084.0594
2470,863.81573
2471,3240.4016
2472,322.75583
2473,2009.9026
2474,2874.9285
2475,1988.4343
2476,810.61597
2477,1860.3031
2478,4493.523
2479,115.69029
2480,3476.318
2481,1296.981
2482,2003.3717
2483,2878.1763
2484,3348.7134
2485,827.03094
2486,2107.2646
2487,2828.8494
2488,600.2159
2489,2887.441
2490,787.4524
2491,3750.4998
2492,1618.8394
2493,4426.426
2494,2182.1755
2495,3208.3298
2496,1948.8137
2497,4122.062
2498,1499.9567
2499,271.76263
2500,1006.4055
2501,1500.1921
2502,1726.6703
2503,879.2807
2504,400.73856
2505,0.6023279
2506,3552.4343
2507,1074.7959
2508,2048.7988
2509,2036.8025
2510,3389.2712
2511,1388.9362
2512,2397.278
2513,3499.4446
2514,2529.9333
2515,1095.1951
2516,725.9858
2517,1673.2682
2518,2026.0537
2519,1724.7295
2520,4747.3613
2521,3242.4514
2522,234.99394
2523,1297.8767
2524,3605.6047
2525,2624.7563
2526,2805.9568
2527,1928.3278
2528,1537.6892
2529,3658.5918
2530,3302.8337
2531,2759.6064
2532,1405.3749
2533,4267.7446
2534,571.8717
2535,2024.9609
2536,1398.8324
2537,912.8904
2538,4007.3699
2539,4072.7148
2540,1307.7031
2541,1105.7412
2542,3807.3032
2543,3425.0256
2544,1826.9988
2545,1167.1265
2546,3090.8647
2547,4463.8125
2548,2249.4622
2549,3494.2234
2550,2894.3208
2551,3858.2834
2552,3373.749
2553,3148.0718
2554,889.6962
2555,4097.5684
2556,3882.0046
2557,1745.6959
2558,1389.6427
2559,3193.815
2560,2012.3558
2561,34.290318
2562,3455.242
2563,1745.6841
2564,2708.3188
2565,2291.5535
2566,478.58502
2567,4409.0312
2568,1591.8892
2569,1320.9187
2570,2308.3333
2571,2126.6206
2572,1559.47
2573,1944.2025
2574,3477.1033
2575,1142.3619
2576,3473.5264
2577,3485.554
2578,3899.614
2579,2476.1829
2580,1640.1815
2581,2810.1023
2582,1088.7244
2583,1682.0886
2584,336.59027
2585,2106.7148
2586,5816.481
2587,4462.7783
2588,4478.8184
2589,4218.6694
2590,2740.7468
2591,1516.0685
2592,1353.5857
2593,1299.8503
2594,3205.8462
2595,1113.8828
2596,3173.018
2597,884.5424
2598,1502.0406
2599,2573.5134
2600,99.1257
2601,1926.2286
2602,1792.3977
2603,2683.4468
2604,2215.266
2605,268.70126
2606,2004.843
2607,2750.0698
2608,1806.9995
2609,0.6023279
2610,929.17896
2611,1924.3945
2612,3789.9905
2613,1846.781
2614,1574.1005
2615,2209.2256
2616,1478.6672
2617,3778.3433
2618,3189.7942
2619,1992.8701
2620,3010.1323
2621,216.59058
2622,268.46664
2623,4105.314
2624,4141.0293
2625,54.343227
2626,553.44916
2627,2136.5884
2628,442.24063
2629,997.41565
2630,2019.7559
2631,4734.284
2632,1493.2549
2633,2888.0415
2634,5417.5244
2635,1819.9927
2636,3309.115
2637,1106.3198
2638,699.0069
2639,2625.9683
2640,2767.8687
2641,468.98825
2642,1682.9773
2643,2938.0183
2644,2691.02
2645,1534.9879
2646,2750.4597
2647,1788.7489
2648,1140.7087
2649,5817.3584
2650,1454.3674
2651,3379.4807
2652,1240.3737
2653,3366.4663
2654,4277.932
2655,3356.0918
2656,1809.2548
2657,3255.2283
2658,2468.3745
2659,1905.113
2660,1166.8922
2661,3271.3538
2662,1327.6769
2663,873.31195
2664,921.82
2665,2092.654
2666,4583.891
2667,1991.3162
2668,1875.7927
2669,3777.377
2670,2786.251
2671,1525.7941
2672,1899.3159
2673,1889.3829
2674,1970.1492
2675,2487.2126
2676,1468.8497
2677,418.6501
2678,2521.5474
2679,2585.2034
2680,539.6574
2681,1478.2225
2682,4631.79
2683,1914.8564
2684,3322.8237
2685,1969.6453
2686,1843.2683
2687,845.93353
2688,2021.6353
2689,1390.5645
2690,3175.2927
2691,926.82196
2692,1143.2637
2693,3389.959
2694,371.19925
2695,3016.095
2696,2333.1982
2697,2320.062
2698,5162.0137
2699,2938.2705
2700,1798.3163
2701,2610.0767
2702,4105.18
2703,2897.556
2704,2542.4216
2705,1014.7299
2706,2517.0862
2707,2772.7896
2708,1542.5203
2709,2747.0676
2710,3109.7834
2711,4164.2607
2712,2275.2122
2713,2462.0085
2714,3371.0676
2715,3067.4844
2716,2111.0088
2717,802.95416
2718,1980.4653
2719,1812.523
2720,754.10065
2721,382.79892
2722,3299.9978
2723,1766.1115
2724,2644.5596
2725,3003.0862
2726,1226.6748
2727,0.6023279
2728,3076.0962
2729,650.12506
2730,3862.5513
2731,1975.7216
2732,2021.0365
2733,2606.991
2734,3731.6035
2735,1198.759
2736,3280.735
2737,2600.3352
2738,902.92896
2739,1720.9939
2740,931.0019
2741,2761.858
2742,2101.7922
2743,2445.045
2744,2119.8591
2745,1674.2628
2746,3905.2605
2747,3743.009
2748,679.7745
2749,1759.5396
2750,2694.909
2751,0.6023279
2752,2878.118
2753,2742.8135
2754,870.37164
2755,2243.4155
2756,1377.3367
2757,2177.0916
2758,3066.5166
2759,3456.3247
2760,94.00082
2761,4571.462
2762,3166.1113
2763,3771.9917
2764,536.5282
2765,1272.6418
2766,2889.302
2767,2356.5547
2768,1378.3733
2769,1118.8744
2770,4055.3381
2771,430.47385
2772,3983.0305
2773,2108.52
2774,2426.4722
2775,2391.2583
2776,1055.786
2777,2666.8706
2778,583.209
2779,972.3437
2780,3210.662
2781,4983.104
2782,1570.8008
2783,3402.593
2784,4686.0713
2785,3263.7192
2786,3040.0613
2787,5854.681
2788,684.82886
2789,1588.0651
2790,1995.9482
2791,3469.7922
2792,972.5482
2793,5789.193
2794,3383.9478
2795,1195.5461
2796,875.36035
2797,1168.2906
2798,0.6023279
2799,0.6023279
2800,1850.6885
2801,3966.6504
2802,3118.0457
2803,3316.8042
2804,2752.5696
2805,3323.173
2806,2978.9104
2807,87.96578
2808,1434.7113
2809,3920.9365
2810,2525.0574
2811,1514.0504
2812,4347.323
2813,737.5816
2814,2720.7993
2815,1368.7711
2816,2633.4421
2817,2601.0066
2818,671.253
2819,217.41634
2820,1373.7722
2821,2923.9714
2822,4332.8813
2823,168.50542
2824,3185.9404
2825,4052.2961
2826,4233.2026
2827,872.69073
2828,2837.264
2829,151.80466
2830,153.85736
2831,3221.2131
2832,3187.367
2833,1822.7231
2834,2851.4941
2835,5160.7065
2836,746.32404
2837,448.1546
2838,3949.4717
2839,1303.7764
2840,2573.2144
2841,951.5609
2842,3714.8188
2843,95.285126
2844,2418.1472
2845,2185.5254
2846,825.5274
2847,2290.6272
2848,913.918
2849,1153.1116
2850,1437.1122
2851,19.638899
2852,3056.3247
2853,4371.6704
2854,3343.1816
2855,1018.78705
2856,1694.5183
2857,3720.4077
2858,840.4248
2859,2885.3777
2860,2474.0505
2861,3633.0244
2862,476.69168
2863,2024.5294
2864,2406.3313
2865,948.8503
2866,1143.3635
2867,1451.4015
2868,4268.626
2869,4967.8696
2870,1003.4792
2871,736.24493
2872,677.63763
2873,3227.3462
2874,853.5489
2875,3135.8677
2876,3937.2354
2877,3163.6382
2878,2586.5657
2879,1514.2001
2880,1148.5542
2881,2171.939
2882,3192.2295
2883,4120.5005
2884,3720.6265
2885,718.1976
2886,4367.1553
2887,1893.4634
2888,3318.4802
2889,2989.745
2890,3748.9172
2891,908.83655
2892,3784.6216
2893,1121.1588
2894,820.47516
2895,2378.8733
2896,879.4357
2897,515.56335
2898,1655.8086
2899,2783.3528
2900,2551.3508
2901,884.6165
2902,3134.0142
2903,3554.4192
2904,4258.2256
2905,323.93918
2906,1537.3372
2907,2922.3643
2908,2506.8425
2909,1004.0544
2910,172.94524
2911,5194.077
2912,3088.2195
2913,1124.9349
2914,4456.4263
2915,3601.359
2916,367.09668
2917,961.5097
2918,780.4082
2919,3039.905
2920,2393.3123
2921,964.2952
2922,2897.9702
2923,1503.0477
2924,3035.0027
2925,2921.2766
2926,647.6121
2927,3270.6304
2928,650.76746
2929,671.6364
2930,4473.7417
2931,2099.2217
2932,950.97217
2933,2136.5002
2934,3167.406
2935,1826.2922
2936,3854.6274
2937,2670.3916
2938,2148.5896
2939,1305.4937
2940,2819.6213
2941,2114.8086
2942,2662.6465
2943,2618.2493
2944,3812.288
2945,1560.7426
2946,1831.8566
2947,3352.0364
2948,1371.3192
2949,949.0693
2950,4674.9395
2951,3384.4006
2952,4058.2756
2953,1861.5237
2954,2677.5884
2955,3227.494
2956,1342.6069
2957,681.26117
2958,2869.9043
2959,945.8769
2960,4140.4575
2961,1363.0184
2962,1518.7352
2963,1506.3744
2964,1084.6385
2965,1560.0752
2966,3588.9963
2967,3889.943
2968,396.18826
2969,976.91656
2970,2706.834
2971,4112.092
2972,3293.3506
2973,4084.6367
2974,147.06705
2975,1395.2014
2976,992.8972
2977,4048.4146
2978,4159.111
2979,368.736
2980,2530.5386
2981,2941.5876
2982,426.045
2983,347.34705
2984,691.88055
2985,2484.0298
2986,3894.1487
2987,3184.7922
2988,3575.624
2989,443.36603
2990,4187.6606
2991,751.1595
2992,885.0033
2993,2099.9258
2994,788.5852
2995,2452.8174
2996,2666.7446
2997,3237.3765
2998,2104.4924
2999,4564.864
3000,1207.6506
3001,4159.25
3002,1821.026
3003,4140.3276
3004,4370.896
3005,2799.41
3006,2163.6958
3007,2525.8591
3008,3923.362
3009,4574.1553
3010,4418.032
3011,1840.04
3012,1883.0792
3013,4589.296
3014,2595.538
3015,935.01666
3016,3673.5376
3017,514.7923
3018,3068.3499
3019,2814.1475
3020,4084.3809
3021,2116.1272
3022,1909.7012
3023,1102.3792
3024,2980.1035
3025,3033.4324
3026,4011.0173
3027,313.68494
3028,895.8497
3029,1582.7688
3030,2016.0089
3031,767.30804
3032,2315.2893
3033,2460.234
3034,534.4932
3035,1962.1492
3036,2024.629
3037,3686.658
3038,1122.4382
3039,1720.3016
3040,2632.8474
3041,1013.2273
3042,2611.0369
3043,3174.8596
3044,3207.6582
3045,2779.5981
3046,4199.2964
3047,437.09027
3048,3425.3347
3049,1063.6594
3050,1942.9612
3051,1073.5283
3052,2687.258
3053,1487.1722
3054,2087.8887
3055,1186.1101
3056,3764.1633
3057,5853.987
3058,1025.9156
3059,2596.9353
3060,0.6023279
3061,3136.6597
3062,884.1195
3063,1917.3574
3064,121.80075
3065,2440.6162
3066,624.0154
3067,17.27343
3068,2301.9482
3069,918.85187
3070,1313.4844
3071,1187.7288
3072,557.7917
3073,778.8
3074,854.63885
3075,3275.597
3076,4688.1226
3077,5053.3584
3078,1892.8107
3079,1497.5883
3080,2646.4333
3081,1921.4037
3082,4396.36
3083,636.01434
3084,2002.5258
3085,0.6023279
3086,2133.2808
3087,222.38354
3088,4407.408
3089,1390.537
3090,1987.3346
3091,1809.4669
3092,2807.9006
3093,2882.6912
3094,2088.0657
3095,2105.9329
3096,156.11804
3097,3337.9343
3098,3821.5203
3099,3004.5183
3100,3787.1838
3101,2509.8093
3102,2455.2856
3103,4372.198
3104,2569.3247
3105,2628.5679
3106,2166.426
3107,691.0648
3108,4019.1653
3109,262.83914
3110,2295.9248
3111,99.38345
3112,741.096
3113,2753.0159
3114,5817.848
3115,1116.3783
3116,3210.6072
3117,678.26935
3118,3184.5623
3119,1088.4722
3120,3549.3982
3121,4407.438
3122,910.79315
3123,4151.5693
3124,1168.9441
3125,71.379845
3126,2764.612
3127,3766.5823
3128,3289.561
3129,1911.5022
3130,1913.9601
3131,3670.5637
3132,3743.2603
3133,2638.1758
3134,2722.497
3135,2729.8025
3136,3058.8413
3137,1161.9192
3138,4054.6624
3139,1539.062
3140,2847.0303
3141,5654.669
3142,3225.5098
3143,730.01874
3144,4164.6294
3145,1058.2849
3146,3763.9133
3147,1410.06
3148,3868.4802
3149,2590.7
3150,2965.9336
3151,934.4312
3152,0.6023279
3153,4408.7197
3154,1588.5176
3155,691.12195
3156,4934.951
3157,2906.7466
3158,2028.358
3159,570.55725
3160,5663.3696
3161,2058.4368
3162,4691.963
3163,56.781685
3164,3063.0298
3165,1006.9217
3166,3452.3477
3167,576.8434
3168,5368.494
3169,3297.6294
3170,3897.7566
3171,1432.388
3172,4435.3486
3173,2073.5247
3174,893.44073
3175,2276.4395
3176,2383.8257
3177,1930.5431
3178,3789.4768
3179,3922.409
3180,2095.9407
3181,1389.6841
3182,2352.2783
3183,889.6777
3184,4383.7085
3185,3078.6028
3186,918.05365
3187,2786.0205
3188,3623.2092
3189,1830.473
3190,3019.2285
3191,1706.3633
3192,1761.3748
3193,2668.831
3194,3768.9192
3195,1065.4551
3196,1590.2188
3197,2624.6287
3198,1882.9758
3199,3239.1
3200,2163.6
3201,2615.6758
3202,2298.4858
3203,3994.4016
3204,2762.6443
3205,1464.4307
3206,673.76965
3207,427.40286
3208,623.0406
3209,429.2148
3210,2039.922
3211,3227.49
3212,1152.5359
3213,885.8312
3214,1796.1566
3215,3247.256
3216,2841.9434
3217,2826.76
3218,1550.7877
3219,3637.691
3220,1766.2588
3221,720.57544
3222,2087.4983
3223,789.10016
3224,4587.5693
3225,1427.6498
3226,1600.0615
3227,2590.7146
3228,2243.6697
3229,2483.1099
3230,994.7115
3231,0.6023279
3232,2903.8452
3233,4138.7114
3234,2973.401
3235,5853.7197
3236,744.8473
3237,2462.5654
3238,2786.503
3239,327.8656
3240,2193.8254
3241,1144.5093
3242,1064.4988
3243,4594.734
3244,3021.613
3245,1990.0049
3246,2648.987
3247,3871.0725
3248,1608.6165
3249,2015.5367
3250,2450.6047
3251,2072.0488
3252,3081.9143
3253,862.41504
3254,2425.8933
3255,1462.9232
3256,1802.5244
3257,0.6023279
3258,3078.1113
3259,3589.0198
3260,1840.4208
3261,2478.8838
3262,1124.3591
3263,1057.3009
3264,200.42667
3265,1098.086
3266,756.9484
3267,1220.7504
3268,3647.839
3269,809.98486
3270,3125.1953
3271,484.9644
3272,1080.7628
3273,2749.9385
3274,4009.9426
3275,2600.2065
3276,3023.5422
3277,2023.2021
3278,4026.369
3279,2312.8796
3280,94.87653
3281,2223.487
3282,18.208414
3283,3735.5222
3284,3689.473
3285,2086.217
3286,1887.8553
3287,3888.6255
3288,3464.576
3289,2735.9758
3290,2742.8252
3291,2905.3179
3292,362.79813
3293,3860.4382
3294,145.62167
3295,3114.8835
3296,4119.1445
3297,3111.5847
3298,1941.2736
3299,2158.001
3300,1086.4402
3301,1778.8925
3302,2506.5903
3303,2090.8643
3304,4136.2065
3305,2882.8708
3306,2644.7043
3307,3660.3108
3308,1814.6602
3309,2485.645
3310,1819.1652
3311,3519.6606
3312,4470.1797
3313,254.41129
3314,4583.758
3315,978.2882
3316,2168.2708
3317,2093.2078
3318,1581.4369
3319,997.7461
3320,3145.0508
3321,3213.4866
3322,2882.201
3323,4363.3267
3324,2286.7039
3325,742.8615
3326,3306.1643
3327,2325.495
3328,4428.1895
3329,3963.219
3330,3304.9353
3331,2542.614
3332,4448.7754
3333,4461.9756
3334,1503.7262
3335,2541.7048
3336,1245.1272
3337,858.3302
3338,2298.8784
3339,706.53827
3340,219.90538
3341,3186.61
3342,1945.6832
3343,2581.0872
3344,1845.9106
3345,3528.2065
3346,111.27111
3347,3292.1526
3348,4180.195
3349,1655.433
3350,1281.8906
3351,144.27925
3352,3841.3809
3353,4654.713
3354,865.9784
3355,3319.8948
3356,1032.6255
3357,1974.5645
3358,3246.4346
3359,1116.4806
3360,746.5069
3361,2588.8901
3362,1721.4894
3363,1549.2607
3364,87.28566
3365,1723.3279
3366,4994.802
3367,3926.6826
3368,1798.1063
3369,1856.8772
3370,1380.7194
3371,1064.2039
3372,675.0835
3373,1201.1001
3374,4454.993
3375,2839.2666
3376,1842.3256
3377,2906.066
3378,240.63902
3379,1972.7751
3380,4760.545
3381,2798.4275
3382,985.97955
3383,1237.8792
3384,3053.5557
3385,1679.5872
3386,2575.862
3387,4412.964
3388,3091.5535
3389,1941.5785
3390,394.26212
3391,1396.2537
3392,4435.4854
3393,807.94763
3394,3222.2883
3395,1491.847
3396,1832.3182
3397,2999.1353
3398,4086.8755
3399,5635.3154
3400,208.80461
3401,1016.06494
3402,2149.9387
3403,1498.0
3404,2691.6768
3405,4037.3079
3406,1831.4166
3407,2461.0337
3408,2075.7288
3409,3269.357
3410,2142.634
3411,4643.2227
3412,4035.9236
3413,1545.5614
3414,4064.9827
3415,2399.6187
3416,1695.3795
3417,3297.443
3418,1553.5188
3419,1016.26654
3420,3375.6243
3421,649.5385
3422,1728.0565
3423,1554.8883
3424,2550.9004
3425,4135.654
3426,3535.6282
3427,1197.1509
3428,2647.4402
3429,3182.091
3430,2131.9167
3431,3006.9062
3432,1093.681
3433,1406.4196
3434,538.79694
3435,1954.3898
3436,1373.2662
3437,5279.7563
3438,779.0995
3439,4007.0193
3440,4233.7827
3441,1658.787
3442,959.5214
3443,2074.3242
3444,2808.1946
3445,2678.6519
3446,2042.0267
3447,1609.2189
3448,982.002
3449,4658.6836
3450,2121.7988
3451,1398.2759
3452,4110.0386
3453,2395.3784
3454,3200.019
3455,2750.26
3456,2343.549
3457,3745.645
3458,2136.4448
3459,5588.203
3460,712.405
3461,2128.762
3462,0.6023279
3463,3251.2136
3464,2131.6428
3465,766.57074
3466,3405.4766
3467,2097.155
3468,167.89314
3469,3338.531
3470,1446.2239
3471,2699.9404
3472,3118.8577
3473,0.6023279
3474,1270.6227
3475,2772.2795
3476,1848.3568
3477,3108.5732
3478,1084.3539
3479,2114.3567
3480,1019.6529
3481,639.8153
3482,5755.4097
3483,1931.7296
3484,1129.7091
3485,2743.335
3486,3075.9392
3487,896.6585
3488,673.20355
3489,2993.745
3490,418.38333
3491,3644.1958
3492,1919.0553
3493,1693.5006
3494,814.16034
3495,2675.4187
3496,4491.7305
3497,958.33936
3498,4376.97
3499,1978.9279
3500,4023.539
3501,983.3571
3502,758.10895
3503,2815.6016
3504,1272.1195
3505,2959.3162
3506,2851.8381
3507,4099.032
3508,2021.4235
3509,2813.531
3510,1094.0652
3511,3371.7693
3512,1464.9788
3513,3148.6165
3514,473.04294
3515,0.6023279
3516,1313.8374
3517,4407.959
3518,3905.213
3519,3949.4143
3520,4029.5942
3521,2495.4033
3522,2691.1216
3523,4188.5894
3524,3439.9521
3525,4303.4395
3526,4661.9775
3527,2394.0623
3528,2550.688
3529,4252.908
3530,2616.9873
3531,3308.579
3532,1548.0966
3533,3101.2546
3534,4517.058
3535,3210.751
3536,559.4175
3537,5123.2646
3538,752.5976
3539,3112.8823
3540,3245.4773
3541,780.84607
3542,1375.1206
3543,2183.157
3544,903.3675
3545,1617.4459
3546,2131.6335
3547,2551.5854
3548,1856.786
3549,1308.0029
3550,1287.7095
3551,3216.3545
3552,3036.4612
3553,674.2675
3554,1393.1011
3555,769.70526
3556,2961.3503
3557,853.3197
3558,839.3206
3559,3654.2747
3560,4665.8887
3561,1556.0292
3562,3209.3867
3563,1226.5643
3564,2634.5486
3565,1773.7006
3566,153.2248
3567,1926.679
3568,2040.4615
3569,2986.3213
3570,564.0389
3571,2535.462
3572,3356.557
3573,2694.8103
3574,3312.636
3575,786.0363
3576,5826.1626
3577,3531.5156
3578,3067.7688
3579,1589.7542
3580,1761.0911
3581,4312.5845
3582,4631.3213
3583,3802.571
3584,2011.7583
3585,2534.4006
3586,1961.3988
3587,2092.1406
3588,2269.1985
3589,2953.5269
3590,1130.4045
3591,3126.0325
3592,1025.6362
3593,1771.0194
3594,1309.406
3595,706.2449
3596,415.6099
3597,4414.467
3598,4528.2236
3599,2164.3245
3600,476.74283
3601,2703.1814
3602,2174.4019
3603,1546.3219
3604,0.6023279
3605,2465.4304
3606,1972.4083
3607,801.3005
3608,325.31223
3609,3351.128
3610,1950.93
3611,3879.6428
3612,3442.7004
3613,897.327
3614,1128.2072
3615,1906.6748
3616,3522.8772
3617,1981.8213
3618,1896.3911
3619,5946.978
3620,4464.5586
3621,2071.2148
3622,4156.421
3623,2910.9832
3624,4238.7188
3625,1268.0144
3626,2812.9705
3627,2669.7175
3628,428.00882
3629,4319.9546
3630,1667.8108
3631,2479.7922
3632,487.43576
3633,3912.3328
3634,2512.1294
3635,406.62317
3636,3728.4587
3637,3400.0505
3638,93.595665
3639,2487.39
3640,3843.0974
3641,703.3388
3642,996.1266
3643,1617.9718
3644,4512.9688
3645,1677.0865
3646,728.5225
3647,2604.257
3648,2150.1746
3649,3019.0142
3650,1234.2344
3651,3223.49
3652,3065.8223
3653,3417.1387
3654,2109.6963
3655,2924.024
3656,2709.1653
3657,1012.05963
3658,1879.19
3659,1890.5767
3660,3776.9326
3661,4512.334
3662,3022.8914
3663,2466.701
3664,111.02228
3665,3418.9128
3666,2982.8704
3667,99.81218
3668,547.6311
3669,1314.3464
3670,743.93866
3671,257.53674
3672,2970.3662
3673,2866.4868
3674,2719.8342
3675,4452.654
3676,1099.8401
3677,1822.2369
3678,2135.1194
3679,1006.73816
3680,3235.4172
3681,3018.963
3682,2034.002
3683,629.21204
3684,1635.6218
3685,3874.9177
3686,1549.4456
3687,3489.489
3688,2725.086
3689,2774.9565
3690,4266.183
3691,3203.366
3692,4587.22
3693,1681.2621
3694,3188.808
3695,2068.6167
3696,949.5942
3697,3003.931
3698,3975.1575
3699,1071.0249
3700,3184.3342
3701,1769.051
3702,3687.3486
3703,534.1077
3704,3704.8354
3705,978.96967
3706,2170.972
3707,1421.6667
3708,1529.7037
3709,2158.5505
3710,1611.4983
3711,2038.1826
3712,1541.8568
3713,3589.343
3714,4021.5493
3715,3297.3225
3716,1315.5525
3717,5093.2563
3718,2736.0857
3719,4462.2383
3720,852.06213
3721,3695.6414
3722,2574.5916
3723,2158.6306
3724,431.2516
3725,2607.3206
3726,2605.6882
3727,4271.8994
3728,654.1484
3729,1967.0974
3730,2914.4075
3731,2128.9778
3732,2232.7957
3733,2905.311
3734,379.72125
3735,2111.8909
3736,2754.2878
3737,3612.891
3738,2829.56
3739,2910.6392
3740,1140.9415
3741,420.04434
3742,810.63763
3743,3712.7495
3744,4330.345
3745,2327.5398
3746,495.7459
3747,1958.7014
3748,1704.7563
3749,2297.0027
3750,929.79114
3751,3339.6755
3752,3245.211
3753,2300.4485
3754,2271.9792
3755,2009.4097
3756,777.0025
3757,2736.753
3758,2308.9817
3759,1965.863
3760,2731.1963
3761,3856.0823
3762,1714.0338
3763,3007.074
3764,2532.151
3765,1646.2756
3766,1848.6061
3767,4300.701
3768,1268.2651
3769,544.65314
3770,2034.7263
3771,3293.1907
3772,753.3626
3773,4052.8274
3774,2681.7495
3775,521.6802
3776,4476.2104
3777,844.9497
3778,2791.032
3779,1125.9065
3780,1106.5929
3781,1924.0138
3782,905.17255
3783,2795.957
3784,795.7579
3785,1785.2762
3786,1646.9927
3787,350.6732
3788,3911.9165
3789,1491.6342
3790,1741.1108
3791,1343.9066
3792,821.1474
3793,743.74774
3794,4055.6958
3795,3103.6462
3796,4602.136
3797,5637.459
3798,3396.2551
3799,4108.005
3800,943.85754
3801,3478.4883
3802,1347.8221
3803,2074.119
3804,687.3539
3805,4293.2915
3806,1317.4574
3807,3051.8955
3808,4009.4397
3809,3318.6763
3810,2038.2102
3811,1866.7142
3812,3412.156
3813,634.931
3814,1280.1089
3815,1109.312
3816,3210.9897
3817,4388.3184
3818,3218.9602
3819,3144.45
3820,2223.8416
3821,3263.2104
3822,1596.5483
3823,3029.4949
3824,2804.6694
3825,736.25104
3826,2361.2947
3827,1019.0727
3828,2440.8926
3829,2387.1213
3830,4395.007
3831,1959.91
3832,4181.5522
3833,2944.4666
3834,1381.4218
3835,4386.0903
3836,1728.5303
3837,802.3794
3838,1243.5309
3839,2001.3888
3840,3398.4495
3841,3527.5942
3842,581.67065
3843,2610.086
3844,4036.3276
3845,691.7268
3846,3426.2415
3847,1349.4634
3848,441.35056
3849,1224.5125
3850,4382.923
3851,3706.1694
3852,1663.7089
3853,1232.8696
3854,3540.754
3855,1157.0927
3856,887.7598
3857,2517.1677
3858,3488.9836
3859,3571.6548
3860,808.95917
3861,1764.3452
3862,1200.0029
3863,5194.5156
3864,1511.4136
3865,318.16916
3866,628.0484
3867,2566.7102
3868,2021.1724
3869,4557.7944
3870,607.8015
3871,3253.4773
3872,2222.784
3873,2345.5325
3874,2254.521
3875,330.40576
3876,1573.3171
3877,855.34906
3878,436.77332
3879,1592.313
3880,2697.8171
3881,2393.4446
3882,434.12537
3883,2654.4016
3884,2804.097
3885,2919.2087
3886,885.2872
3887,193.8927
3888,4557.2056
3889,3282.727
3890,3476.7686
3891,3355.1091
3892,541.3565
3893,441.62067
3894,2733.0886
3895,726.0311
3896,1780.4227
3897,2033.8817
3898,399.94315
3899,2816.462
3900,1079.6438
3901,920.8103
3902,1113.5059
3903,1513.3889
3904,1065.43
3905,5903.204
3906,735.5221
3907,3724.7908
3908,404.59558
3909,656.0847
3910,2542.454
3911,1494.7628
3912,3640.2986
3913,1432.8108
3914,1719.4624
3915,4457.235
3916,1642.3722
3917,3879.9111
3918,2964.2473
3919,1745.149
3920,2217.586
3921,2521.1858
3922,5531.6543
3923,3174.1948
3924,1860.149
3925,2483.6873
3926,2357.893
3927,2043.2689
3928,136.36052
3929,2568.4883
3930,2356.7903
3931,878.638
3932,2941.1536
3933,3126.328
3934,2312.2297
3935,2209.4573
3936,1620.1342
3937,924.5833
3938,986.9882
3939,673.68317
3940,1976.9646
3941,2862.2593
3942,2176.9023
3943,2619.6582
3944,692.31305
3945,1803.4138
3946,1212.0449
3947,2097.2966
3948,1693.7803
3949,4069.7888
3950,2113.2764
3951,2072.5962
3952,984.6497
3953,1698.5872
3954,1821.2638
3955,3891.6873
3956,1653.8865
3957,3674.602
3958,3509.6155
3959,477.89072
3960,984.0003
3961,2660.46
3962,3683.9182
3963,2962.1357
3964,2274.078
3965,632.33093
3966,3974.5894
3967,3589.8625
3968,3306.1145
3969,3253.4595
3970,711.0476
3971,2130.742
3972,3726.7341
3973,2140.4163
3974,3314.3354
3975,2854.6487
3976,3287.722
3977,1032.363
3978,2083.7976
3979,787.08124
3980,1480.6123
3981,1503.8503
3982,4470.1426
3983,509.55325
3984,3071.5864
3985,3690.0398
3986,3683.8237
3987,1016.75616
3988,1206.2507
3989,1855.8441
3990,703.0611
3991,4715.9185
3992,678.04126
3993,4145.8955
3994,284.79977
3995,2280.3245
3996,2196.1506
3997,3252.8777
3998,3465.6672
3999,966.78796
4000,365.10983
4001,1040.677
4002,1714.7983
4003,741.73315
4004,4652.5996
4005,1536.8984
4006,1870.5276
4007,3908.6445
4008,1925.729
4009,1735.8495
4010,140.11713
4011,2585.3042
4012,1234.1685
4013,1707.8907
4014,3788.012
4015,830.2074
4016,2163.3455
4017,670.2734
4018,1144.747
4019,4593.7197
4020,4720.297
4021,4258.911
4022,3382.9797
4023,3130.5955
4024,4629.578
4025,907.5588
4026,420.5759
4027,2815.9011
4028,2696.517
4029,2610.7815
4030,1015.66077
4031,2865.7698
4032,3548.0662
4033,4609.788
4034,2985.3638
4035,3102.7488
4036,589.8486
4037,3038.6355
4038,3143.0671
4039,4279.151
4040,3404.3967
4041,1291.148
4042,137.61243
4043,2397.7249
4044,5076.548
4045,4083.8738
4046,408.30402
4047,1907.3185
4048,270.2354
4049,2626.009
4050,2675.9448
4051,1360.0731
4052,476.04285
4053,1272.0476
4054,300.51334
4055,3276.0496
4056,4583.7075
4057,5792.543
4058,681.61053
4059,0.6023279
4060,1385.4185
4061,3055.1292
4062,2301.2354
4063,2993.0496
4064,1018.9149
4065,1822.7526
4066,3075.909
4067,1920.9596
4068,4474.521
4069,338.63892
4070,3765.2036
4071,2428.473
4072,2742.2778
4073,3725.4714
4074,2553.9014
4075,3176.0632
4076,1480.0354
4077,457.9752
4078,3271.8733
4079,3808.2883
4080,2421.968
4081,2058.3125
4082,2401.6587
4083,308.9162
4084,988.79315
4085,864.15704
4086,5459.6646
4087,3647.9563
4088,3388.8445
4089,3113.5344
4090,3784.7788
4091,2880.7546
4092,2291.6306
4093,880.7508
4094,298.1656
4095,1622.9879
4096,1654.943
4097,495.4129
4098,3774.4604
4099,1968.7819
4100,3209.2878
4101,1616.3578
4102,1925.2882
4103,3244.9282
4104,328.44565
4105,3374.0942
4106,3786.3499
4107,2920.9592
4108,620.0008
4109,2710.063
4110,2025.9188
4111,1426.0782
4112,2279.1782
4113,2044.9755
4114,2636.5918
4115,1945.3285
4116,732.7868
4117,1382.3324
4118,2408.0251
4119,972.4225
4120,1646.6558
4121,3693.9192
4122,833.7864
4123,1570.8484
4124,3933.08
4125,2670.923
4126,2213.6924
4127,448.2697
4128,1468.2792
4129,956.29596
4130,4573.5176
4131,3150.8303
4132,2319.9019
4133,2677.9578
4134,3973.5085
4135,1751.09
4136,1323.8644
4137,2882.7568
4138,995.05304
4139,1921.1892
4140,3578.7507
4141,2929.115
4142,1589.4799
4143,2665.7312
4144,3417.0022
4145,2227.9536
4146,5667.9443
4147,255.75032
4148,1471.1401
4149,4516.8545
4150,3151.9973
4151,900.14874
4152,3097.9348
4153,179.53055
4154,1969.2402
4155,875.94904
4156,2251.5066
4157,1271.0105
4158,3669.7573
4159,577.30005
4160,3012.3271
4161,269.00134
4162,1278.355
4163,4493.478
4164,2313.7935
4165,2242.0498
4166,202.70438
4167,4663.286
4168,2582.878
4169,1427.769
4170,3056.31
4171,1854.7904
4172,1012.071
4173,3115.4136
4174,3180.085
4175,2192.6921
4176,1737.5754
4177,2656.788
4178,2510.93
4179,1698.4417
4180,3283.696
4181,776.3227
4182,3801.033
4183,991.3053
4184,2068.26
4185,5823.8853
4186,959.6447
4187,699.9396
4188,1036.0757
4189,1381.145
4190,780.7262
4191,1008.2536
4192,3510.365
4193,1498.8422
4194,4009.0806
4195,3899.217
4196,3378.1409
4197,3365.8757
4198,1826.9318
4199,3220.3855
4200,2848.5479
4201,2674.1985
4202,2667.8816
4203,3154.7354
4204,1944.1355
4205,3966.0833
4206,1953.5234
4207,1991.8167
4208,732.4065
4209,4729.806
4210,147.14478
4211,2701.6165
4212,945.1328
4213,1989.9629
4214,3908.207
4215,311.7982
4216,2579.7065
4217,1724.0223
4218,2253.7844
4219,4364.7256
4220,1138.4619
4221,2132.4414
4222,2916.2422
4223,1124.1602
4224,1294.4172
4225,2216.2026
4226,1097.208
4227,2375.1636
4228,2007.2872
4229,1688.0265
4230,2591.9978
4231,1114.7363
4232,1368.942
4233,1852.232
4234,1758.9414
4235,1105.9895
4236,2748.4504
4237,2285.7637
4238,921.74164
4239,1275.8362
4240,738.8418
4241,3207.3218
4242,1423.7184
4243,1436.6436
4244,1691.0634
4245,87.0199
4246,1929.6836
4247,2105.2678
4248,833.35767
4249,4208.068
4250,337.21155
4251,5292.5273
4252,1011.75995
4253,634.4841
4254,1963.4028
4255,0.6023279
4256,1856.9961
4257,1199.72
4258,1327.5485
4259,641.3853
4260,3048.9695
4261,3950.3198
4262,174.77992
4263,2892.1582
4264,945.9163
4265,4351.7793
4266,967.9122
4267,1622.47
4268,1885.2281
4269,2263.4458
4270,4993.383
4271,1403.9023
4272,4045.283
4273,3782.653
4274,4116.1553
4275,1905.6082
4276,550.1651
4277,5368.485
4278,3051.4768
4279,3742.993
4280,4293.5
4281,1846.7644
4282,1674.4387
4283,1955.169
4284,3528.3152
4285,2649.1743
4286,2249.6096
4287,1870.104
4288,93.80959
4289,1994.9072
4290,3353.189
4291,2645.3943
4292,1402.6605
4293,755.588
4294,2093.2573
4295,4223.0234
4296,1916.5764
4297,1915.3337
4298,2703.8757
4299,1613.4949
4300,2034.2279
4301,2521.391
4302,847.6465
4303,1830.2904
4304,1441.0773
4305,1093.8756
4306,1112.9922
4307,2600.8518
4308,877.4779
4309,1658.4956
4310,3176.8838
4311,3025.9106
4312,3348.376
4313,3143.1316
4314,947.2951
4315,697.4814
4316,1745.8755
4317,250.82663
4318,2883.4438
4319,3926.8037
4320,1176.7682
4321,192.89209
4322,199.9569
4323,3214.0388
4324,1981.1157
4325,2351.7441
4326,3234.1555
4327,1221.0283
4328,547.27014
4329,2552.12
4330,1829.844
4331,3280.749
4332,3640.4497
4333,743.00824
4334,3270.3052
4335,717.3839
4336,550.3998
4337,1450.477
4338,1365.1322
4339,2764.5046
4340,79.39286
4341,2640.6482
4342,2972.26
4343,1075.5455
4344,1549.1027
4345,1398.0779
4346,3437.7566
4347,1087.0658
4348,1593.6006
4349,872.25665
4350,178.59447
4351,4141.1724
4352,3966.888
4353,2031.9481
4354,4255.6313
4355,1363.8025
4356,2571.6404
4357,2138.043
4358,905.7491
4359,413.78076
4360,973.90924
4361,4287.0513
4362,4450.118
4363,1591.3091
4364,4290.8535
4365,543.21735
4366,4493.7627
4367,2317.1016
4368,2879.0369
4369,650.97925
4370,2052.055
4371,4741.5864
4372,645.3078
4373,1390.4115
4374,2937.3245
4375,3417.5403
4376,1205.491
4377,1013.2907
4378,4650.042
4379,4132.974
4380,2253.257
4381,5537.308
4382,1830.8384
4383,3284.3843
4384,3565.14
4385,3894.2002
4386,2072.858
4387,928.8716
4388,3405.9597
4389,1167.2986
4390,3992.8167
4391,881.82855
4392,2454.41
4393,2172.1567
4394,3013.0916
4395,3315.1917
4396,2693.436
4397,1450.2744
4398,1060.5562
4399,1724.8485
4400,1081.3965
4401,454.55658
4402,1085.1144
4403,2325.4111
4404,2749.6306
4405,2071.9753
4406,5130.8384
4407,1967.8815
4408,2353.4792
4409,0.6023279
4410,1345.6025
4411,1623.5531
4412,3033.2825
4413,3289.5889
4414,4195.285
4415,1865.6896
4416,2686.4492
4417,2569.6113
4418,372.46423
4419,1610.9484
4420,1026.4342
4421,0.6023279
4422,1508.8591
4423,4563.361
4424,1512.8717
4425,1848.8236
4426,2899.534
4427,3969.0967
4428,4062.257
4429,1636.0631
4430,699.2031
4431,163.20924
4432,3342.7754
4433,1084.898
4434,3335.5078
4435,847.0357
4436,2033.5431
4437,2524.907
4438,604.9544
4439,1275.7968
4440,143.49794
4441,3411.024
4442,635.41644
4443,1015.3947
4444,4186.0513
4445,1635.6315
4446,220.97952
4447,1548.417
4448,2059.675
4449,2414.8772
4450,849.5135
4451,2240.9226
4452,1801.4282
4453,877.54535
4454,2537.0059
4455,461.68777
4456,1457.2358
4457,991.74945
4458,1656.6483
4459,2903.2053
4460,1639.4877
4461,4150.407
4462,4345.6025
4463,1372.7379
4464,3056.5256
4465,1925.1415
4466,2526.8643
4467,2211.9868
4468,796.5834
4469,1495.3894
4470,2665.468
4471,1680.8118
4472,973.57776
4473,4616.787
4474,2049.1643
4475,2596.0073
4476,3132.3884
4477,1065.3055
4478,1401.4061
4479,1581.5807
4480,2251.2383
4481,1121.3462
4482,2166.2922
4483,3654.885
4484,438.32996
4485,3149.9253
4486,2791.0708
4487,3162.8513
4488,3974.6006
4489,1493.8783
4490,3138.0732
4491,3095.4114
4492,3048.4749
4493,1359.879
4494,1221.0859
4495,2038.239
4496,412.431
4497,3764.7766
4498,4134.5615
4499,4444.1943
4500,2484.9736
4501,2232.6362
4502,1372.542
4503,4026.5105
4504,3527.763
4505,2706.327
4506,3705.0295
4507,4252.926
4508,3801.2332
4509,2021.8022
4510,3679.529
4511,301.88202
4512,4161.9067
4513,3814.472
4514,2567.5923
4515,981.7108
4516,1496.4517
4517,3018.3123
4518,2243.1335
4519,3905.7844
4520,2636.6882
4521,1446.7439
4522,1114.9725
4523,4260.2246
4524,2050.378
4525,1371.1924
4526,4362.5024
4527,4382.1733
4528,4135.802
4529,5475.234
4530,699.39594
4531,1398.822
4532,812.1718
4533,4546.9116
4534,1273.4929
4535,1381.5056
4536,2564.6045
4537,1188.2395
4538,2806.1948
4539,2993.431
4540,2990.6582
4541,2663.4438
4542,1054.041
4543,417.6228
4544,2773.4907
4545,668.51465
4546,4875.897
4547,2534.1511
4548,1982.2429
4549,73.58065
4550,3348.029
4551,214.4861
4552,2626.2144
4553,3231.6133
4554,2505.9038
4555,2550.1162
4556,4996.7676
4557,1019.22406
4558,3653.6995
4559,2469.642
4560,2464.2434
4561,247.82266
4562,922.99274
4563,3951.7356
4564,2830.0745
4565,3571.7107
4566,4104.1885
4567,3166.3198
4568,3038.7969
4569,4089.2131
4570,4387.788
4571,474.79388
4572,3349.6995
4573,3696.6345
4574,738.3246
4575,60.359695
4576,4004.2126
4577,728.2287
4578,2099.2163
4579,697.5341
4580,3286.7334
4581,3234.2803
4582,1694.4442
4583,3667.7275
4584,1752.4279
4585,2784.078
4586,4614.162
4587,3823.7405
4588,3170.3672
4589,2265.7786
4590,793.91156
4591,369.4472
4592,4062.696
4593,4464.519
4594,2166.0417
4595,3165.6965
4596,3184.8872
4597,2878.254
4598,1878.2609
4599,1061.1469
4600,1832.1465
4601,4230.536
4602,3256.7585
4603,1750.5176
4604,1309.198
4605,2741.8245
4606,2019.207
4607,1615.4098
4608,2769.5835
4609,2770.7808
4610,4359.3506
4611,2244.5571
4612,2438.0383
4613,2095.9229
4614,902.54913
4615,3137.8252
4616,1485.33
4617,1898.9331
4618,3114.924
4619,1877.2435
4620,786.36176
4621,4602.8496
4622,4614.338
4623,2433.3374
4624,950.74615
4625,3616.2444
4626,636.052
4627,4607.769
4628,2333.6375
4629,2942.2498
4630,3986.8245
4631,888.2713
4632,476.03412
4633,1227.9641
4634,2768.2498
4635,2940.4065
4636,3970.5378
4637,706.68823
4638,2742.7134
4639,2600.0383
4640,377.64725
4641,3257.6082
4642,1503.2076
4643,3865.857
4644,3933.0085
4645,3330.889
4646,3068.2024
4647,3357.7166
4648,1738.0714
4649,1620.7957
4650,990.9913
4651,877.6103
4652,1711.3254
4653,1505.4124
4654,0.6023279
4655,842.59766
4656,3989.5056
4657,1309.8403
4658,1422.3967
4659,1046.13
4660,163.50742
4661,4243.408
4662,1296.2374
4663,3266.2527
4664,1466.9404
4665,565.8497
4666,2525.5989
4667,1498.2544
4668,2192.2834
4669,831.1703
4670,1550.3239
4671,449.42978
4672,1983.5598
4673,4399.441
4674,261.63342
4675,2208.5947
4676,926.36395
4677,2488.0918
4678,1245.3251
4679,3166.1294
4680,2846.5774
4681,1991.7935
4682,1111.1417
4683,400.1554
4684,2620.7168
4685,311.89807
4686,1508.5325
4687,707.6775
4688,3941.1257
4689,2414.4758
4690,876.9919
4691,2624.1313
4692,1403.8035
4693,4328.286
4694,2948.3303
4695,1970.1204
4696,3896.177
4697,1690.2885
4698,2269.7556
4699,2720.7976
4700,2778.63
4701,935.38495
4702,2566.7268
4703,1200.7283
4704,3242.3772
4705,939.13574
4706,889.2964
4707,4152.136
4708,1069.2065
4709,3456.6902
4710,2258.3596
4711,4251.9346
4712,1053.1417
4713,262.1233
4714,2047.3264
4715,2817.203
4716,2653.8276
4717,2138.993
4718,2195.891
4719,520.73145
4720,2547.6482
4721,4422.89
4722,437.57535
4723,4090.624
4724,2651.7134
4725,3334.319
4726,313.1144
4727,169.59584
4728,1915.5894
4729,4082.7192
4730,2060.398
4731,1013.5587
4732,3666.7056
4733,286.9291
4734,1514.5593
4735,2107.379
4736,903.62897
4737,2462.747
4738,2026.146
4739,3076.91
4740,2750.5378
4741,288.78738
4742,1459.1394
4743,3315.2893
4744,3666.4966
4745,1814.5178
4746,3124.6008
4747,4520.9497
4748,2581.9192
4749,4126.0054
4750,4168.9204
4751,938.6777
4752,3389.3914
4753,2782.365
4754,3575.6433
4755,601.95276
4756,1907.3098
4757,1562.6917
4758,4225.613
4759,1846.9594
4760,942.8101
4761,4504.063
4762,1141.6609
4763,919.468
4764,2227.5747
4765,52.597347
4766,3209.0342
4767,3891.5579
4768,2744.8025
4769,942.86255
4770,490.86194
4771,3131.47
4772,293.08984
4773,562.8828
4774,2740.1953
4775,0.6023279
4776,2376.502
4777,1969.5535
4778,1745.3514
4779,389.42776
4780,694.8205
4781,3358.6335
4782,1624.1384
4783,2289.3088
4784,854.56525
4785,4116.4883
4786,3368.9963
4787,4817.519
4788,3144.557
4789,2957.363
4790,3455.0613
4791,954.44995
4792,1886.1339
4793,2902.6714
4794,1364.5206
4795,4517.8945
4796,3627.4216
4797,1441.851
4798,3503.7603
4799,1275.3252
4800,5754.316
4801,1242.3328
4802,3731.5999
4803,95.50236
4804,119.75936
4805,2656.686
4806,633.8689
4807,1827.8431
4808,1524.3842
4809,1854.0839
4810,2771.9546
4811,1585.4535
4812,407.58264
4813,2946.616
4814,2166.4788
4815,2585.4485
4816,1190.4181
4817,783.94415
4818,2784.3384
4819,1943.2727
4820,49.297497
4821,2699.703
4822,1669.9357
4823,1346.3206
4824,1054.068
4825,3629.9993
4826,1307.8184
4827,1722.8287
4828,1516.9998
4829,1438.6929
4830,119.614136
4831,3468.7122
4832,1031.4147
4833,856.4875
4834,2184.7847
4835,2405.221
4836,3868.5461
4837,772.1432
4838,3270.5593
4839,3193.0928
4840,3219.535
4841,2843.8794
4842,399.50568
4843,2517.3328
4844,1385.5271
4845,3540.2776
4846,230.10416
4847,3153.9307
4848,3615.4421
4849,1794.8451
4850,2884.7314
4851,2719.877
4852,2743.911
4853,1657.0779
4854,401.9354
4855,2097.1685
4856,2653.9016
4857,2703.903
4858,1002.0916
4859,4103.2446
4860,2650.4138
4861,3188.729
4862,1365.1814
4863,3541.9077
4864,616.9283
4865,2116.4382
4866,4502.3086
4867,4669.1914
4868,2270.244
4869,1496.366
4870,1373.8794
4871,727.3509
4872,5271.005
4873,2232.2107
4874,3841.47
4875,1768.0591
4876,2695.5608
4877,1367.7037
4878,249.46384
4879,1382.4424
4880,711.7686
4881,2701.202
4882,1068.7528
4883,4600.921
4884,1560.3956
4885,3794.5176
4886,4140.3926
4887,3204.0396
4888,0.6023279
4889,4717.185
4890,1431.9342
4891,1522.5226
4892,3341.7205
4893,2812.0344
4894,1683.8356
4895,3003.061
4896,1526.8732
4897,2575.4143
4898,3167.0928
4899,1200.5237
4900,3460.1824
4901,2599.9617
4902,248.37177
4903,1537.3239
4904,3957.7974
4905,4274.7715
4906,1616.9246
4907,1316.981
4908,771.33344
4909,2053.2175
4910,4574.034
4911,4436.7065
4912,1982.9775
4913,3756.2139
4914,2087.4463
4915,1692.0177
4916,1896.8777
4917,0.6023279
4918,2474.3562
4919,184.28891
4920,3098.6191
4921,5915.006
4922,1751.97
4923,3261.4585
4924,2898.2058
4925,2551.6685
4926,1579.3119
4927,2404.9607
4928,164.88255
4929,4179.3423
4930,492.30423
4931,4356.9634
4932,3069.5984
4933,2829.473
4934,2582.0981
4935,723.6483
4936,2766.4346
4937,1928.1902
4938,1982.4017
4939,4067.8916
4940,2617.5474
4941,2062.9668
4942,2001.0559
4943,2123.1223
4944,1425.5161
4945,1704.8695
4946,1770.5333
4947,2386.8142
4948,1440.7706
4949,858.3778
4950,3307.872
4951,2821.1902
4952,2482.3135
4953,1761.0823
4954,4437.0063
4955,2639.139
4956,2514.6821
4957,3021.0642
4958,180.58598
4959,207.17372
4960,1567.7379
4961,2799.4658
4962,2270.105
4963,1773.7615
4964,954.6677
4965,1682.5278
4966,463.34573
4967,1902.7302
4968,4471.9707
4969,1019.73755
4970,1660.6359
4971,318.97266
4972,1384.3934
4973,1753.3125
4974,2837.6917
4975,1406.7013
4976,1098.5049
4977,1068.8044
4978,1805.0967
4979,1668.3535
4980,3196.2031
4981,3317.7063
4982,1945.871
4983,848.0352
4984,2497.9795
4985,280.53528
4986,3179.0728
4987,2048.0598
4988,2256.3892
4989,977.9986
4990,2832.8792
4991,5690.2734
4992,805.1496
4993,887.66235
4994,4227.2783
4995,425.09717
4996,1751.5044
4997,2219.2996
4998,1842.071
4999,112.650345
5000,837.97345
5001,1299.1333
5002,1498.4615
5003,1666.6663
5004,1475.8927
5005,1864.5956
5006,1312.3934
5007,1428.0177
5008,1026.0337
5009,2481.22
5010,2138.0293
5011,2089.3308
5012,1955.1736
5013,3072.2476
5014,4554.0107
5015,1557.2245
5016,0.6023279
5017,3948.9958
5018,851.50934
5019,1270.2046
5020,1237.447
5021,1703.8875
5022,964.9892
5023,2632.8833
5024,1872.1008
5025,2020.2838
5026,217.57828
5027,547.972
5028,1460.1865
5029,1447.4926
5030,2164.0776
5031,292.403
5032,2445.755
5033,1741.8009
5034,1708.9843
5035,4377.3896
5036,4321.6216
5037,5864.84
5038,2173.342
5039,1232.0781
5040,4064.5073
5041,3356.8357
5042,4487.8853
5043,833.48956
5044,3050.3792
5045,3076.64
5046,181.25906
5047,965.73627
5048,1943.9263
5049,2817.4023
5050,4468.9634
5051,196.99721
5052,1288.6334
5053,4267.5933
5054,397.17923
5055,3485.4219
5056,3857.6953
5057,3916.2112
5058,1103.0515
5059,3195.0938
5060,4402.394
5061,468.98477
5062,3196.028
5063,3466.747
5064,1882.6346
5065,2095.732
5066,3873.7222
5067,2228.4922
5068,1562.7573
5069,1859.0793
5070,2127.2559
5071,299.8923
5072,852.83923
5073,1371.4307
5074,2649.481
5075,1760.7452
5076,3494.1375
5077,3204.216
5078,4461.1714
5079,5310.646
5080,1590.4993
5081,2359.3093
5082,973.9377
5083,2829.7883
5084,3117.7522
5085,2216.6594
5086,4019.5645
5087,2462.8345
5088,161.98604
5089,2352.6116
5090,2907.955
5091,2187.4082
5092,4283.8584
5093,1329.3441
5094,4469.745
5095,2881.6072
5096,2377.7632
5097,1865.4982
5098,307.0843
5099,1915.4442
5100,2571.8726
5101,1066.6
5102,1310.6039
5103,3846.5432
5104,3450.804
5105,800.36584
5106,535.5546
5107,2054.7102
5108,3835.2122
5109,723.3492
5110,1173.6516
5111,2013.9584
5112,375.32947
5113,1395.4547
5114,238.61717
5115,961.7681
5116,72.78133
5117,2922.0588
5118,751.0809
5119,3159.3855
5120,623.7517
5121,354.51498
5122,435.24402
5123,1081.8378
5124,1632.0927
5125,1891.0916
5126,2234.874
5127,1058.0408
5128,4662.364
5129,2597.8
5130,2196.0295
5131,2811.9436
5132,2006.1919
5133,1009.4926
5134,4237.1587
5135,3453.8528
5136,3643.5752
5137,3181.3328
5138,1859.6587
5139,3290.4766
5140,2977.533
5141,2688.489
5142,2819.7856
5143,856.23114
5144,3394.7827
5145,1639.8517
5146,2355.2178
5147,3995.7175
5148,1482.7329
5149,3451.1472
5150,3289.1365
5151,4075.7717
5152,3568.904
5153,1978.1155
5154,2982.4001
5155,852.2664
5156,2561.086
5157,1953.0851
5158,3524.9075
5159,2271.9563
5160,2426.0422
5161,3681.1013
5162,2590.3474
5163,4499.7427
5164,2930.1663
5165,738.39923
5166,1063.6829
5167,222.99008
5168,1074.5326
5169,2294.7417
5170,1606.3389
5171,1256.9108
5172,2517.935
5173,4498.2197
5174,1268.973
5175,312.54605
5176,2581.601
5177,2582.659
5178,2709.8362
5179,1795.458
5180,143.6576
5181,933.4504
5182,764.04663
5183,2465.8818
5184,1383.9011
5185,1425.9349
5186,1367.7858
5187,1884.0095
5188,2740.5806
5189,4077.8848
5190,250.47856
5191,1788.5076
5192,1680.447
5193,2404.803
5194,4030.592
5195,1940.6709
5196,1572.8331
5197,370.5646
5198,699.61896
5199,3645.289
5200,2591.9087
5201,2033.4384
5202,1363.6562
5203,1048.5896
5204,3118.4854
5205,1131.7166
5206,3841.0078
5207,2995.8184
5208,144.31612
5209,2937.7275
5210,1509.6772
5211,4980.3887
5212,336.14362
5213,2824.9058
5214,1671.1823
5215,2893.3904
5216,1422.1879
5217,3700.293
5218,2717.4358
5219,3393.4915
5220,4194.866
5221,1142.3796
5222,5539.1104
5223,706.5019
5224,2865.805
5225,2686.0571
5226,1032.9889
5227,1840.7445
5228,3358.2664
5229,840.02155
5230,4053.8872
5231,923.1947
5232,2999.4387
5233,2693.1458
5234,3588.1555
5235,1721.46
5236,1604.4299
5237,1728.6074
5238,2914.0789
5239,1816.503
5240,2660.8186
5241,3330.2952
5242,2893.1536
5243,2230.4497
5244,3540.2363
5245,2735.8062
5246,1480.2544
5247,187.09691
5248,1049.2064
5249,407.50192
5250,2615.5903
5251,2554.5708
5252,4520.4927
5253,2124.4956
5254,4038.6436
5255,3379.4016
5256,3942.4778
5257,4464.9443
5258,3307.741
5259,1326.2837
5260,863.054
5261,3591.4966
5262,406.767
5263,262.09164
5264,970.7385
5265,1670.1058
5266,3472.5273
5267,680.24976
5268,1303.2456
5269,1336.3607
5270,967.5696
5271,1292.936
5272,4655.677
5273,5771.495
5274,3291.0945
5275,902.80804
5276,3157.8818
5277,436.76123
5278,2586.3284
5279,1527.8827
5280,1728.4635
5281,722.9809
5282,1513.694
5283,2647.4873
5284,1646.7491
5285,2982.4827
5286,3254.742
5287,1348.1931
5288,724.8064
5289,1512.2507
5290,2545.177
5291,1019.8183
5292,2737.015
5293,0.6023279
5294,4454.381
5295,2729.126
5296,3306.5261
5297,2029.3141
5298,1280.7579
5299,1663.1138
5300,1163.3706
5301,3437.91
5302,2876.612
5303,411.42075
5304,2197.8792
5305,4065.1086
5306,3119.9526
5307,1648.3336
5308,1930.7208
5309,1724.4176
5310,2818.4802
5311,794.4946
5312,1093.9196
5313,3157.4949
5314,1726.4968
5315,4937.26
5316,931.7626
5317,315.0158
5318,1943.8567
5319,1991.4353
5320,4620.8735
5321,2232.85
5322,3799.0647
5323,1374.0704
5324,3514.4546
5325,1945.5369
5326,2901.397
5327,274.54968
5328,5588.251
5329,59.482834
5330,3302.525
5331,3447.6191
5332,2890.092
5333,1110.1938
5334,2480.9263
5335,964.3898
5336,287.15265
5337,1771.9197
5338,3284.3162
5339,3189.8804
5340,2050.0715
5341,2082.101
5342,3231.8767
5343,1842.6775
5344,2868.1868
5345,2428.074
5346,778.2941
5347,3366.2253
5348,5807.9604
5349,2307.7466
5350,1643.6935
5351,1399.1995
5352,2015.2615
5353,1983.7842
5354,2060.5935
5355,3863.4646
5356,1689.681
5357,172.93597
5358,2308.1655
5359,1929.6022
5360,2906.8625
5361,3205.597
5362,196.83261
5363,1259.5059
5364,3304.5547
5365,1413.1365
5366,1348.7017
5367,1966.4342
5368,1663.5201
5369,2086.3293
5370,585.4547
5371,3629.4011
5372,316.1821
5373,4758.686
5374,2291.9922
5375,2035.6924
5376,1085.3804
5377,669.4392
5378,1233.9702
5379,5272.6533
5380,2198.0063
5381,5662.993
5382,4568.6816
5383,1444.0382
5384,2031.266
5385,2988.8918
5386,3723.9592
5387,3315.002
5388,0.6023279
5389,3248.3875
5390,3995.5613
5391,1925.0645
5392,518.87195
5393,1915.0581
5394,2787.427
5395,4709.6504
5396,1258.0459
5397,2748.348
5398,266.83984
5399,1604.2346
5400,3349.4277
5401,2898.9429
5402,976.55194
5403,1589.3029
5404,855.1753
5405,3056.686
5406,3511.6655
5407,4498.6167
5408,2192.9521
5409,2141.8435
5410,4417.744
5411,3386.3962
5412,2770.6313
5413,462.27032
5414,3267.7756
5415,1067.942
5416,749.18353
5417,2528.494
5418,4227.606
5419,1240.7148
5420,2083.1592
5421,2109.2932
5422,1507.7013
5423,308.85095
5424,2140.7698
5425,3225.724
5426,4144.3467
5427,316.73224
5428,2831.953
5429,1359.372
5430,3205.3767
5431,5765.0713
5432,1931.1802
5433,4420.949
5434,2097.2847
5435,243.50116
5436,2985.5654
5437,3959.739
5438,2613.0215
5439,1158.1602
5440,941.01715
5441,4093.5818
5442,667.8782
5443,2468.8386
5444,373.5961
5445,976.3188
5446,1117.2539
5447,3586.7551
5448,4090.3513
5449,3986.8352
5450,0.6023279
5451,1993.6755
5452,3732.6003
5453,2960.691
5454,4358.217
5455,602.50934
5456,3984.202
5457,3294.0764
5458,216.31813
5459,4580.618
5460,2606.5166
5461,2060.5461
5462,779.3731
5463,2672.6274
5464,2659.8738
5465,90.62919
5466,781.7458
5467,2651.805
5468,3308.5369
5469,413.70377
5470,3424.2454
5471,3882.3906
5472,763.83936
5473,1608.4349
5474,3966.4336
5475,17.271029
5476,1348.6255
5477,3783.1233
5478,84.74801
5479,3265.2205
5480,2302.724
5481,4103.2495
5482,369.81223
5483,3383.4028
5484,812.38043
5485,3043.6628
5486,2862.4602
5487,478.9625
5488,3119.423
5489,3109.2712
5490,1493.0208
5491,2806.8635
5492,1765.9608
5493,2497.2534
5494,1931.4343
5495,2487.254
5496,3991.9458
5497,2162.1013
5498,3004.299
5499,726.46625
5500,3168.7727
5501,1614.9629
5502,2227.9248
5503,1435.4768
5504,3239.5278
5505,2881.1106
5506,3943.8591
5507,3508.3088
5508,1538.0321
5509,2964.99
5510,1261.5522
5511,2031.723
5512,3098.1667
5513,2035.3097
5514,257.05902
5515,3394.702
5516,1680.0775
5517,3249.096
5518,646.3753
5519,4246.56
5520,2186.9983
5521,1879.946
5522,962.85016
5523,4510.7812
5524,907.8392
5525,3040.5105
5526,3007.8147
5527,2021.7781
5528,3267.4714
5529,1066.2925
5530,2370.8425
5531,2654.8765
5532,3048.5046
5533,3556.8123
5534,3118.2815
5535,1539.1201
5536,1857.5018
5537,4191.9634
5538,1583.5763
5539,1166.2843
5540,787.4627
5541,4678.323
5542,3017.1401
5543,2572.442
5544,2518.162
5545,838.8013
5546,210.41693
5547,1553.6337
5548,2824.805
5549,1260.273
5550,2844.5947
5551,608.2856
5552,1528.266
5553,3175.3142
5554,3190.0166
5555,939.05963
5556,1154.1057
5557,1075.8794
5558,1787.4727
5559,2450.9802
5560,1089.2942
5561,2760.6343
5562,2023.3076
5563,4510.4043
5564,2238.4443
5565,2835.5999
5566,3395.6968
5567,3265.4963
5568,1449.7406
5569,1166.4783
5570,1616.0083
5571,2697.271
5572,1957.2128
5573,2101.4905
5574,3971.234
5575,910.6439
5576,2815.5505
5577,2567.3357
5578,855.6232
5579,2306.7754
5580,449.1439
5581,2340.0676
5582,1902.5508
5583,133.93347
5584,668.073
5585,1131.876
5586,2827.5652
5587,935.7948
5588,3084.076
5589,3625.9683
5590,2672.4172
5591,2289.5886
5592,2045.4752
5593,3228.434
5594,3110.7148
5595,4213.88
5596,405.86902
5597,1425.2572
5598,2664.413
5599,849.4288
5600,210.65239
5601,2901.7126
5602,3851.1467
5603,3037.0188
5604,2122.2349
5605,2713.5474
5606,2153.1187
5607,3208.0476
5608,4187.051
5609,5842.0044
5610,3808.1973
5611,2669.2437
5612,523.01514
5613,3877.5808
5614,3049.0051
5615,5825.8765
5616,2310.0322
5617,1163.9182
5618,1075.3478
5619,2597.9124
5620,4396.3467
5621,1354.407
5622,2619.3655
5623,3149.1047
5624,3299.711
5625,3357.332
5626,3487.8672
5627,4368.747
5628,1836.9009
5629,1180.9695
5630,2719.881
5631,2417.434
5632,2954.25
5633,3155.2505
5634,3164.1643
5635,3197.1418
5636,1934.5187
5637,3963.7556
5638,1724.6764
5639,2044.0774
5640,2374.6072
5641,938.6372
5642,2429.9253
5643,669.61816
5644,2810.8748
5645,852.1162
5646,2960.3777
5647,730.41534
5648,4631.2407
5649,1388.4246
5650,607.75574
5651,3161.9075
5652,1985.3672
5653,1562.8425
5654,2410.1086
5655,3760.356
5656,4791.9165
5657,4531.2305
5658,1980.7614
5659,3224.5715
5660,3643.0386
5661,3958.2402
5662,3785.5
5663,820.9549
5664,2474.0103
5665,1980.664
5666,3477.4712
5667,1359.8322
5668,470.04007
5669,4516.591
5670,4101.53
5671,1101.1914
5672,4028.272
5673,1411.6885
5674,808.85944
5675,1144.8545
5676,2484.189
5677,2371.211
5678,1847.0801
5679,3859.4497
5680,1239.626
